transDate,close,high,low,open,volume,event
22/06/2012,3.788,3.788,3.788,3.788,0,
25/06/2012,3.788,3.788,3.788,3.788,0,
26/06/2012,3.788,3.788,3.788,3.788,0,
27/06/2012,3.788,3.788,3.788,3.788,0,
28/06/2012,3.788,3.788,3.788,3.788,0,
29/06/2012,3.788,3.788,3.788,3.788,0,
02/07/2012,3.788,3.788,3.788,3.788,0,
03/07/2012,3.788,3.788,3.788,3.788,0,
04/07/2012,3.788,3.788,3.788,3.788,0,
05/07/2012,3.788,3.788,3.788,3.788,0,
06/07/2012,3.788,3.788,3.788,3.788,0,
09/07/2012,3.788,3.788,3.788,3.788,0,
10/07/2012,3.788,3.788,3.788,3.788,0,
11/07/2012,3.788,3.788,3.788,3.788,0,
12/07/2012,3.788,3.788,3.788,3.788,0,
13/07/2012,3.788,3.788,3.788,3.788,0,
16/07/2012,3.788,3.788,3.788,3.788,0,
17/07/2012,3.788,3.788,3.788,3.788,0,
18/07/2012,3.788,3.788,3.788,3.788,0,
19/07/2012,3.788,3.788,3.788,3.788,0,
20/07/2012,3.788,3.788,3.788,3.788,0,
23/07/2012,3.788,3.788,3.788,3.788,0,
24/07/2012,3.788,3.788,3.788,3.788,0,
25/07/2012,3.788,3.788,3.788,3.788,0,
26/07/2012,3.788,3.788,3.788,3.788,0,
27/07/2012,3.788,3.788,3.788,3.788,0,
30/07/2012,3.788,3.788,3.788,3.788,0,
31/07/2012,3.788,3.788,3.788,3.788,0,
01/08/2012,3.788,3.788,3.788,3.788,0,
02/08/2012,3.788,3.788,3.788,3.788,0,
03/08/2012,3.788,3.788,3.788,3.788,0,
06/08/2012,3.788,3.788,3.788,3.788,0,
07/08/2012,3.788,3.788,3.788,3.788,0,
08/08/2012,3.788,3.788,3.788,3.788,0,
09/08/2012,3.788,3.788,3.788,3.788,0,
10/08/2012,3.788,3.788,3.788,3.788,0,
13/08/2012,3.788,3.788,3.788,3.788,0,
14/08/2012,3.788,3.788,3.788,3.788,0,
15/08/2012,3.788,3.788,3.788,3.788,0,
16/08/2012,3.788,3.788,3.788,3.788,0,
17/08/2012,3.788,3.788,3.788,3.788,0,
20/08/2012,3.788,3.788,3.788,3.788,0,
21/08/2012,3.788,3.788,3.788,3.788,0,
22/08/2012,3.788,3.788,3.788,3.788,0,
23/08/2012,3.788,3.788,3.788,3.788,0,
24/08/2012,3.788,3.788,3.788,3.788,0,
27/08/2012,3.788,3.788,3.788,3.788,0,
28/08/2012,3.788,3.788,3.788,3.788,0,
29/08/2012,3.788,3.788,3.788,3.788,0,
30/08/2012,3.788,3.788,3.788,3.788,0,
31/08/2012,3.788,3.788,3.788,3.788,0,
04/09/2012,3.788,3.788,3.788,3.788,0,
05/09/2012,3.788,3.788,3.788,3.788,0,
06/09/2012,3.788,3.788,3.788,3.788,0,
07/09/2012,3.788,3.788,3.788,3.788,0,
10/09/2012,3.788,3.788,3.788,3.788,0,
11/09/2012,3.788,3.788,3.788,3.788,0,
12/09/2012,3.788,3.788,3.788,3.788,0,
13/09/2012,3.788,3.788,3.788,3.788,0,
14/09/2012,3.788,3.788,3.788,3.788,0,
17/09/2012,3.788,3.788,3.788,3.788,0,
18/09/2012,3.788,3.788,3.788,3.788,0,
19/09/2012,3.788,3.788,3.788,3.788,0,
20/09/2012,3.788,3.788,3.788,3.788,0,
21/09/2012,3.788,3.788,3.788,3.788,0,
24/09/2012,3.788,3.788,3.788,3.788,0,
25/09/2012,3.788,3.788,3.788,3.788,0,
26/09/2012,3.788,3.788,3.788,3.788,0,
27/09/2012,3.788,3.788,3.788,3.788,0,
28/09/2012,3.788,3.788,3.788,3.788,0,
01/10/2012,3.788,3.788,3.788,3.788,0,
02/10/2012,3.788,3.788,3.788,3.788,0,
03/10/2012,3.788,3.788,3.788,3.788,0,
04/10/2012,3.788,3.788,3.788,3.788,0,
05/10/2012,3.788,3.788,3.788,3.788,0,
08/10/2012,3.788,3.788,3.788,3.788,0,
09/10/2012,3.788,3.788,3.788,3.788,0,
10/10/2012,3.788,3.788,3.788,3.788,0,
11/10/2012,3.788,3.788,3.788,3.788,0,
12/10/2012,3.788,3.788,3.788,3.788,0,
15/10/2012,3.788,3.788,3.788,3.788,0,
16/10/2012,3.788,3.788,3.788,3.788,0,
17/10/2012,3.788,3.788,3.788,3.788,0,
18/10/2012,3.788,3.788,3.788,3.788,0,
19/10/2012,3.788,3.788,3.788,3.788,0,
22/10/2012,3.788,3.788,3.788,3.788,0,
23/10/2012,3.788,3.788,3.788,3.788,0,
24/10/2012,3.788,3.788,3.788,3.788,0,
25/10/2012,3.788,3.788,3.788,3.788,0,
26/10/2012,3.788,3.788,3.788,3.788,0,
29/10/2012,3.788,3.788,3.788,3.788,0,
30/10/2012,3.788,3.788,3.788,3.788,0,
31/10/2012,3.788,3.788,3.788,3.788,0,
01/11/2012,3.788,3.788,3.788,3.788,0,
02/11/2012,3.788,3.788,3.788,3.788,0,
05/11/2012,3.788,3.788,3.788,3.788,0,
06/11/2012,3.788,3.788,3.788,3.788,0,
07/11/2012,3.788,3.788,3.788,3.788,0,
08/11/2012,3.788,3.788,3.788,3.788,0,
09/11/2012,3.788,3.788,3.788,3.788,0,
12/11/2012,3.788,3.788,3.788,3.788,0,
13/11/2012,3.788,3.788,3.788,3.788,0,
14/11/2012,3.788,3.788,3.788,3.788,0,
15/11/2012,3.788,3.788,3.788,3.788,0,
16/11/2012,3.788,3.788,3.788,3.788,0,
19/11/2012,3.788,3.788,3.788,3.788,0,
20/11/2012,3.788,3.788,3.788,3.788,0,
21/11/2012,3.788,3.788,3.788,3.788,0,
22/11/2012,3.788,3.788,3.788,3.788,0,
23/11/2012,3.788,3.788,3.788,3.788,0,
26/11/2012,3.788,3.788,3.788,3.788,0,
27/11/2012,3.788,3.788,3.788,3.788,0,
28/11/2012,3.788,3.788,3.788,3.788,0,
29/11/2012,3.788,3.788,3.788,3.788,0,
30/11/2012,3.788,3.788,3.788,3.788,0,
03/12/2012,3.788,3.788,3.788,3.788,0,
04/12/2012,3.788,3.788,3.788,3.788,0,
05/12/2012,3.788,3.788,3.788,3.788,0,
06/12/2012,3.788,3.788,3.788,3.788,0,
07/12/2012,3.788,3.788,3.788,3.788,0,
10/12/2012,3.788,3.788,3.788,3.788,0,
11/12/2012,3.788,3.788,3.788,3.788,0,
12/12/2012,3.788,3.788,3.788,3.788,0,
13/12/2012,3.788,3.788,3.788,3.788,0,
14/12/2012,3.788,3.788,3.788,3.788,0,
17/12/2012,3.788,3.788,3.788,3.788,0,
18/12/2012,3.788,3.788,3.788,3.788,0,
19/12/2012,3.788,3.788,3.788,3.788,0,
20/12/2012,3.788,3.788,3.788,3.788,0,
21/12/2012,3.788,3.788,3.788,3.788,0,
24/12/2012,3.788,3.788,3.788,3.788,0,
25/12/2012,3.788,3.788,3.788,3.788,0,
26/12/2012,3.788,3.788,3.788,3.788,0,
27/12/2012,3.788,3.788,3.788,3.788,0,
28/12/2012,3.788,3.788,3.788,3.788,0,
02/01/2013,3.788,3.788,3.788,3.788,0,
03/01/2013,3.788,3.788,3.788,3.788,0,
04/01/2013,3.788,3.788,3.788,3.788,0,
07/01/2013,3.788,3.788,3.788,3.788,0,
08/01/2013,3.788,3.788,3.788,3.788,0,
09/01/2013,3.788,3.788,3.788,3.788,0,
10/01/2013,3.788,3.788,3.788,3.788,0,
11/01/2013,3.788,3.788,3.788,3.788,0,
14/01/2013,3.788,3.788,3.788,3.788,0,
15/01/2013,3.788,3.788,3.788,3.788,0,
16/01/2013,3.788,3.788,3.788,3.788,0,
17/01/2013,3.788,3.788,3.788,3.788,0,
18/01/2013,3.788,3.788,3.788,3.788,0,
21/01/2013,3.788,3.788,3.788,3.788,0,
22/01/2013,3.788,3.788,3.788,3.788,0,
23/01/2013,3.788,3.788,3.788,3.788,0,
24/01/2013,3.788,3.788,3.788,3.788,0,
25/01/2013,3.788,3.788,3.788,3.788,0,
28/01/2013,3.788,3.788,3.788,3.788,0,
29/01/2013,3.788,3.788,3.788,3.788,0,
30/01/2013,3.788,3.788,3.788,3.788,0,
31/01/2013,3.788,3.788,3.788,3.788,0,
01/02/2013,3.788,3.788,3.788,3.788,0,
04/02/2013,3.788,3.788,3.788,3.788,0,
05/02/2013,3.788,3.788,3.788,3.788,0,
06/02/2013,3.788,3.788,3.788,3.788,0,
07/02/2013,3.788,3.788,3.788,3.788,0,
08/02/2013,3.788,3.788,3.788,3.788,0,
18/02/2013,3.788,3.788,3.788,3.788,0,
19/02/2013,3.788,3.788,3.788,3.788,0,
20/02/2013,3.788,3.788,3.788,3.788,0,
21/02/2013,3.788,3.788,3.788,3.788,0,
22/02/2013,3.788,3.788,3.788,3.788,0,
25/02/2013,3.788,3.788,3.788,3.788,0,
26/02/2013,3.788,3.788,3.788,3.788,0,
27/02/2013,3.788,3.788,3.788,3.788,0,
28/02/2013,3.788,3.788,3.788,3.788,0,
01/03/2013,3.788,3.788,3.788,3.788,0,
04/03/2013,3.788,3.788,3.788,3.788,0,
05/03/2013,3.788,3.788,3.788,3.788,0,
06/03/2013,3.788,3.788,3.788,3.788,0,
07/03/2013,3.788,3.788,3.788,3.788,0,
08/03/2013,3.788,3.788,3.788,3.788,0,
11/03/2013,3.788,3.788,3.788,3.788,0,
12/03/2013,3.788,3.788,3.788,3.788,0,
13/03/2013,3.788,3.788,3.788,3.788,0,
14/03/2013,3.788,3.788,3.788,3.788,0,
15/03/2013,3.788,3.788,3.788,3.788,0,
18/03/2013,3.788,3.788,3.788,3.788,0,
19/03/2013,3.788,3.788,3.788,3.788,0,
20/03/2013,3.788,3.788,3.788,3.788,0,
21/03/2013,3.788,3.788,3.788,3.788,0,
22/03/2013,3.788,3.788,3.788,3.788,0,
25/03/2013,3.788,3.788,3.788,3.788,0,
26/03/2013,3.788,3.788,3.788,3.788,0,
27/03/2013,3.788,3.788,3.788,3.788,0,
28/03/2013,3.788,3.788,3.788,3.788,0,
29/03/2013,3.788,3.788,3.788,3.788,0,
01/04/2013,3.788,3.788,3.788,3.788,0,
02/04/2013,3.788,3.788,3.788,3.788,0,
03/04/2013,3.788,3.788,3.788,3.788,0,
04/04/2013,3.788,3.788,3.788,3.788,0,
05/04/2013,3.788,3.788,3.788,3.788,0,
08/04/2013,3.788,3.788,3.788,3.788,0,
09/04/2013,3.788,3.788,3.788,3.788,0,
10/04/2013,3.788,3.788,3.788,3.788,0,
11/04/2013,3.788,3.788,3.788,3.788,0,
12/04/2013,3.788,3.788,3.788,3.788,0,
15/04/2013,3.788,3.788,3.788,3.788,0,
16/04/2013,3.788,3.788,3.788,3.788,0,
17/04/2013,3.788,3.788,3.788,3.788,0,
18/04/2013,3.788,3.788,3.788,3.788,0,
22/04/2013,3.788,3.788,3.788,3.788,0,
23/04/2013,3.788,3.788,3.788,3.788,0,
24/04/2013,3.788,3.788,3.788,3.788,0,
25/04/2013,3.788,3.788,3.788,3.788,0,
26/04/2013,3.788,3.788,3.788,3.788,0,
02/05/2013,3.788,3.788,3.788,3.788,0,
03/05/2013,3.788,3.788,3.788,3.788,0,
06/05/2013,3.788,3.788,3.788,3.788,0,
07/05/2013,3.788,3.788,3.788,3.788,0,
08/05/2013,3.788,3.788,3.788,3.788,0,
09/05/2013,3.788,3.788,3.788,3.788,0,
10/05/2013,3.788,3.788,3.788,3.788,0,
13/05/2013,3.788,3.788,3.788,3.788,0,
14/05/2013,3.788,3.788,3.788,3.788,0,
15/05/2013,3.788,3.788,3.788,3.788,0,
16/05/2013,3.788,3.788,3.788,3.788,0,
17/05/2013,3.788,3.788,3.788,3.788,0,
20/05/2013,3.788,3.788,3.788,3.788,0,
21/05/2013,3.788,3.788,3.788,3.788,0,
22/05/2013,3.788,3.788,3.788,3.788,0,
23/05/2013,3.788,3.788,3.788,3.788,0,
24/05/2013,3.788,3.788,3.788,3.788,0,
27/05/2013,3.788,3.788,3.788,3.788,0,
28/05/2013,3.788,3.788,3.788,3.788,0,
29/05/2013,3.788,3.788,3.788,3.788,0,
30/05/2013,3.788,3.788,3.788,3.788,0,
31/05/2013,3.788,3.788,3.788,3.788,0,
03/06/2013,3.788,3.788,3.788,3.788,0,
04/06/2013,3.788,3.788,3.788,3.788,0,
05/06/2013,3.788,3.788,3.788,3.788,0,
06/06/2013,3.788,3.788,3.788,3.788,0,
07/06/2013,3.788,3.788,3.788,3.788,0,
10/06/2013,3.788,3.788,3.788,3.788,0,
11/06/2013,3.788,3.788,3.788,3.788,0,
12/06/2013,3.788,3.788,3.788,3.788,0,
13/06/2013,3.788,3.788,3.788,3.788,0,
14/06/2013,3.788,3.788,3.788,3.788,0,
17/06/2013,3.788,3.788,3.788,3.788,0,
18/06/2013,3.788,3.788,3.788,3.788,0,
19/06/2013,3.788,3.788,3.788,3.788,0,
20/06/2013,3.788,3.788,3.788,3.788,0,
21/06/2013,3.788,3.788,3.788,3.788,0,
24/06/2013,3.788,3.788,3.788,3.788,0,
25/06/2013,3.788,3.788,3.788,3.788,0,
26/06/2013,3.788,3.788,3.788,3.788,0,
27/06/2013,3.788,3.788,3.788,3.788,0,
28/06/2013,3.788,3.788,3.788,3.788,0,
01/07/2013,3.788,3.788,3.788,3.788,0,
02/07/2013,3.788,3.788,3.788,3.788,0,
03/07/2013,3.788,3.788,3.788,3.788,0,
04/07/2013,3.788,3.788,3.788,3.788,0,
05/07/2013,3.788,3.788,3.788,3.788,0,
08/07/2013,3.788,3.788,3.788,3.788,0,
09/07/2013,3.788,3.788,3.788,3.788,0,
10/07/2013,3.788,3.788,3.788,3.788,0,
11/07/2013,3.788,3.788,3.788,3.788,0,
12/07/2013,3.788,3.788,3.788,3.788,0,
15/07/2013,3.788,3.788,3.788,3.788,0,
16/07/2013,3.788,3.788,3.788,3.788,0,
17/07/2013,3.788,3.788,3.788,3.788,0,
18/07/2013,3.788,3.788,3.788,3.788,0,
19/07/2013,3.788,3.788,3.788,3.788,0,
22/07/2013,3.788,3.788,3.788,3.788,0,
23/07/2013,3.788,3.788,3.788,3.788,0,
24/07/2013,3.788,3.788,3.788,3.788,0,
25/07/2013,3.788,3.788,3.788,3.788,0,
26/07/2013,3.788,3.788,3.788,3.788,0,
29/07/2013,3.788,3.788,3.788,3.788,0,
30/07/2013,3.788,3.788,3.788,3.788,0,
31/07/2013,3.788,3.788,3.788,3.788,0,
01/08/2013,3.788,3.788,3.788,3.788,0,
02/08/2013,3.788,3.788,3.788,3.788,0,
05/08/2013,3.788,3.788,3.788,3.788,0,
06/08/2013,3.788,3.788,3.788,3.788,0,
07/08/2013,3.788,3.788,3.788,3.788,0,
08/08/2013,3.788,3.788,3.788,3.788,0,
09/08/2013,3.788,3.788,3.788,3.788,0,
12/08/2013,3.788,3.788,3.788,3.788,0,
13/08/2013,3.788,3.788,3.788,3.788,0,
14/08/2013,3.788,3.788,3.788,3.788,0,
15/08/2013,3.788,3.788,3.788,3.788,0,
16/08/2013,3.788,3.788,3.788,3.788,0,
19/08/2013,3.788,3.788,3.788,3.788,0,
20/08/2013,3.788,3.788,3.788,3.788,0,
21/08/2013,3.788,3.788,3.788,3.788,0,
22/08/2013,3.788,3.788,3.788,3.788,0,
23/08/2013,3.788,3.788,3.788,3.788,0,
26/08/2013,3.788,3.788,3.788,3.788,0,
27/08/2013,3.788,3.788,3.788,3.788,0,
28/08/2013,3.788,3.788,3.788,3.788,0,
29/08/2013,3.788,3.788,3.788,3.788,0,
30/08/2013,3.788,3.788,3.788,3.788,0,
03/09/2013,3.788,3.788,3.788,3.788,0,
04/09/2013,3.788,3.788,3.788,3.788,0,
05/09/2013,3.788,3.788,3.788,3.788,0,
06/09/2013,3.788,3.788,3.788,3.788,0,
09/09/2013,3.788,3.788,3.788,3.788,0,
10/09/2013,3.788,3.788,3.788,3.788,0,
11/09/2013,3.788,3.788,3.788,3.788,0,
12/09/2013,3.788,3.788,3.788,3.788,0,
13/09/2013,3.788,3.788,3.788,3.788,0,
16/09/2013,3.788,3.788,3.788,3.788,0,
17/09/2013,3.788,3.788,3.788,3.788,0,
18/09/2013,3.788,3.788,3.788,3.788,0,
19/09/2013,3.788,3.788,3.788,3.788,0,
20/09/2013,3.788,3.788,3.788,3.788,0,
23/09/2013,3.788,3.788,3.788,3.788,0,
24/09/2013,3.788,3.788,3.788,3.788,0,
25/09/2013,3.788,3.788,3.788,3.788,0,
26/09/2013,3.788,3.788,3.788,3.788,0,
27/09/2013,3.788,3.788,3.788,3.788,0,
30/09/2013,3.788,3.788,3.788,3.788,0,
01/10/2013,3.788,3.788,3.788,3.788,0,
02/10/2013,3.788,3.788,3.788,3.788,0,
03/10/2013,3.788,3.788,3.788,3.788,0,
04/10/2013,3.788,3.788,3.788,3.788,0,
07/10/2013,3.788,3.788,3.788,3.788,0,
08/10/2013,3.788,3.788,3.788,3.788,0,
09/10/2013,3.788,3.788,3.788,3.788,0,
10/10/2013,3.788,3.788,3.788,3.788,0,
11/10/2013,3.788,3.788,3.788,3.788,0,
14/10/2013,3.788,3.788,3.788,3.788,0,
15/10/2013,3.788,3.788,3.788,3.788,0,
16/10/2013,3.788,3.788,3.788,3.788,0,
17/10/2013,3.788,3.788,3.788,3.788,0,
18/10/2013,3.788,3.788,3.788,3.788,0,
21/10/2013,3.788,3.788,3.788,3.788,0,
22/10/2013,3.788,3.788,3.788,3.788,0,
23/10/2013,3.788,3.788,3.788,3.788,0,
24/10/2013,3.788,3.788,3.788,3.788,0,
25/10/2013,3.788,3.788,3.788,3.788,0,
28/10/2013,3.788,3.788,3.788,3.788,0,
29/10/2013,3.788,3.788,3.788,3.788,0,
30/10/2013,3.788,3.788,3.788,3.788,0,
31/10/2013,3.788,3.788,3.788,3.788,0,
01/11/2013,3.788,3.788,3.788,3.788,0,
04/11/2013,3.788,3.788,3.788,3.788,0,
05/11/2013,3.788,3.788,3.788,3.788,0,
06/11/2013,3.788,3.788,3.788,3.788,0,
07/11/2013,3.788,3.788,3.788,3.788,0,
08/11/2013,3.788,3.788,3.788,3.788,0,
11/11/2013,3.788,3.788,3.788,3.788,0,
12/11/2013,3.788,3.788,3.788,3.788,0,
13/11/2013,3.788,3.788,3.788,3.788,0,
14/11/2013,3.788,3.788,3.788,3.788,0,
15/11/2013,3.788,3.788,3.788,3.788,0,
18/11/2013,3.788,3.788,3.788,3.788,0,
19/11/2013,3.788,3.788,3.788,3.788,0,
20/11/2013,3.788,3.788,3.788,3.788,0,
21/11/2013,3.788,3.788,3.788,3.788,0,
22/11/2013,3.788,3.788,3.788,3.788,0,
25/11/2013,3.788,3.788,3.788,3.788,0,
26/11/2013,3.788,3.788,3.788,3.788,0,
27/11/2013,3.788,3.788,3.788,3.788,0,
28/11/2013,3.788,3.788,3.788,3.788,0,
29/11/2013,3.788,3.788,3.788,3.788,0,
02/12/2013,3.788,3.788,3.788,3.788,0,
03/12/2013,3.788,3.788,3.788,3.788,0,
04/12/2013,3.788,3.788,3.788,3.788,0,
05/12/2013,3.788,3.788,3.788,3.788,0,
06/12/2013,3.788,3.788,3.788,3.788,0,
09/12/2013,3.788,3.788,3.788,3.788,0,
10/12/2013,3.788,3.788,3.788,3.788,0,
11/12/2013,3.788,3.788,3.788,3.788,0,
12/12/2013,3.788,3.788,3.788,3.788,0,
13/12/2013,3.788,3.788,3.788,3.788,0,
16/12/2013,3.788,3.788,3.788,3.788,0,
17/12/2013,3.788,3.788,3.788,3.788,0,
18/12/2013,3.788,3.788,3.788,3.788,0,
19/12/2013,3.788,3.788,3.788,3.788,0,
20/12/2013,3.788,3.788,3.788,3.788,0,
23/12/2013,3.788,3.788,3.788,3.788,0,
24/12/2013,3.788,3.788,3.788,3.788,0,
25/12/2013,3.788,3.788,3.788,3.788,0,
26/12/2013,3.788,3.788,3.788,3.788,0,
27/12/2013,3.788,3.788,3.788,3.788,0,
30/12/2013,3.788,3.788,3.788,3.788,0,
31/12/2013,3.788,3.788,3.788,3.788,0,
02/01/2014,3.788,3.788,3.788,3.788,0,
03/01/2014,3.788,3.788,3.788,3.788,0,
06/01/2014,3.788,3.788,3.788,3.788,0,
07/01/2014,3.788,3.788,3.788,3.788,0,
08/01/2014,3.788,3.788,3.788,3.788,0,
09/01/2014,3.788,3.788,3.788,3.788,0,
10/01/2014,3.788,3.788,3.788,3.788,0,
13/01/2014,3.788,3.788,3.788,3.788,0,
14/01/2014,3.788,3.788,3.788,3.788,0,
15/01/2014,3.788,3.788,3.788,3.788,0,
16/01/2014,3.788,3.788,3.788,3.788,0,
17/01/2014,3.788,3.788,3.788,3.788,0,
20/01/2014,3.788,3.788,3.788,3.788,0,
21/01/2014,3.788,3.788,3.788,3.788,0,
22/01/2014,3.788,3.788,3.788,3.788,0,
23/01/2014,3.788,3.788,3.788,3.788,0,
24/01/2014,3.788,3.788,3.788,3.788,0,
27/01/2014,3.788,3.788,3.788,3.788,0,
06/02/2014,3.788,3.788,3.788,3.788,0,
07/02/2014,3.788,3.788,3.788,3.788,0,
10/02/2014,3.788,3.788,3.788,3.788,0,
11/02/2014,3.788,3.788,3.788,3.788,0,
12/02/2014,3.788,3.788,3.788,3.788,0,
13/02/2014,3.788,3.788,3.788,3.788,0,
14/02/2014,3.788,3.788,3.788,3.788,0,
17/02/2014,3.788,3.788,3.788,3.788,0,
18/02/2014,3.788,3.788,3.788,3.788,0,
19/02/2014,3.788,3.788,3.788,3.788,0,
20/02/2014,3.788,3.788,3.788,3.788,0,
21/02/2014,3.788,3.788,3.788,3.788,0,
24/02/2014,3.788,3.788,3.788,3.788,0,
25/02/2014,3.788,3.788,3.788,3.788,0,
26/02/2014,3.788,3.788,3.788,3.788,0,
27/02/2014,3.788,3.788,3.788,3.788,0,
28/02/2014,3.788,3.788,3.788,3.788,0,
03/03/2014,3.788,3.788,3.788,3.788,0,
04/03/2014,3.788,3.788,3.788,3.788,0,
05/03/2014,3.788,3.788,3.788,3.788,0,
06/03/2014,3.788,3.788,3.788,3.788,0,
07/03/2014,3.788,3.788,3.788,3.788,0,
10/03/2014,3.788,3.788,3.788,3.788,0,
11/03/2014,3.788,3.788,3.788,3.788,0,
12/03/2014,3.788,3.788,3.788,3.788,0,
13/03/2014,3.788,3.788,3.788,3.788,0,
14/03/2014,3.788,3.788,3.788,3.788,0,
17/03/2014,3.788,3.788,3.788,3.788,0,
18/03/2014,3.788,3.788,3.788,3.788,0,
19/03/2014,3.788,3.788,3.788,3.788,0,
20/03/2014,3.788,3.788,3.788,3.788,0,
21/03/2014,3.788,3.788,3.788,3.788,0,
24/03/2014,3.788,3.788,3.788,3.788,0,
25/03/2014,3.788,3.788,3.788,3.788,0,
26/03/2014,3.788,3.788,3.788,3.788,0,
27/03/2014,3.788,3.788,3.788,3.788,0,
28/03/2014,3.788,3.788,3.788,3.788,0,
31/03/2014,3.788,3.788,3.788,3.788,0,
01/04/2014,3.788,3.788,3.788,3.788,0,
02/04/2014,5.303,5.303,3.788,3.788,1800,
03/04/2014,3.883,3.883,3.883,3.883,0,
04/04/2014,3.883,3.883,3.883,3.883,0,
07/04/2014,3.883,3.883,3.883,3.883,0,
08/04/2014,3.883,3.883,3.883,3.883,0,
10/04/2014,3.883,3.883,3.883,3.883,0,
11/04/2014,3.883,3.883,3.883,3.883,0,
14/04/2014,3.883,3.883,3.883,3.883,0,
15/04/2014,3.883,3.883,3.883,3.883,0,
16/04/2014,3.883,3.883,3.883,3.883,0,
17/04/2014,3.883,3.883,3.883,3.883,0,
18/04/2014,3.883,3.883,3.883,3.883,0,
21/04/2014,3.883,3.883,3.883,3.883,0,
22/04/2014,3.883,3.883,3.883,3.883,0,
23/04/2014,3.883,3.883,3.883,3.883,0,
24/04/2014,3.883,3.883,3.883,3.883,0,
25/04/2014,3.883,3.883,3.883,3.883,0,
28/04/2014,3.883,3.883,3.883,3.883,0,
29/04/2014,3.883,3.883,3.883,3.883,0,
05/05/2014,3.883,3.883,3.883,3.883,0,
06/05/2014,3.883,3.883,3.883,3.883,0,
07/05/2014,3.883,3.883,3.883,3.883,0,
08/05/2014,3.883,3.883,3.883,3.883,0,
09/05/2014,3.883,3.883,3.883,3.883,0,
12/05/2014,3.883,3.883,3.883,3.883,0,
13/05/2014,3.883,3.883,3.883,3.883,0,
14/05/2014,3.883,3.883,3.883,3.883,0,
15/05/2014,3.883,3.883,3.883,3.883,0,
16/05/2014,3.883,3.883,3.883,3.883,0,
19/05/2014,3.883,3.883,3.883,3.883,0,
20/05/2014,3.883,3.883,3.883,3.883,0,
21/05/2014,3.883,3.883,3.883,3.883,0,
22/05/2014,3.883,3.883,3.883,3.883,0,
23/05/2014,3.883,3.883,3.883,3.883,0,
26/05/2014,3.883,3.883,3.883,3.883,0,
27/05/2014,3.883,3.883,3.883,3.883,0,
28/05/2014,3.883,3.883,3.883,3.883,0,
29/05/2014,3.883,3.883,3.883,3.883,0,
30/05/2014,3.883,3.883,3.883,3.883,0,
02/06/2014,3.883,3.883,3.883,3.883,0,
03/06/2014,3.883,3.883,3.883,3.883,0,
04/06/2014,3.883,3.883,3.883,3.883,0,
05/06/2014,3.883,3.883,3.883,3.883,0,
06/06/2014,3.883,3.883,3.883,3.883,0,
09/06/2014,3.883,3.883,3.883,3.883,0,
10/06/2014,3.883,3.883,3.883,3.883,0,
11/06/2014,3.883,3.883,3.883,3.883,0,
12/06/2014,3.883,3.883,3.883,3.883,0,
13/06/2014,3.883,3.883,3.883,3.883,0,
16/06/2014,3.883,3.883,3.883,3.883,0,
17/06/2014,3.883,3.883,3.883,3.883,0,
18/06/2014,3.883,3.883,3.883,3.883,0,
19/06/2014,3.883,3.883,3.883,3.883,0,
20/06/2014,3.883,3.883,3.883,3.883,0,
23/06/2014,3.883,3.883,3.883,3.883,0,
24/06/2014,3.883,3.883,3.883,3.883,0,
25/06/2014,3.883,3.883,3.883,3.883,0,
26/06/2014,3.883,3.883,3.883,3.883,0,
27/06/2014,3.883,3.883,3.883,3.883,0,
30/06/2014,3.883,3.883,3.883,3.883,0,
01/07/2014,3.883,3.883,3.883,3.883,0,
02/07/2014,3.883,3.883,3.883,3.883,0,
03/07/2014,3.883,3.883,3.883,3.883,0,
04/07/2014,3.883,3.883,3.883,3.883,0,
07/07/2014,5.399,5.399,5.399,5.399,100,
08/07/2014,5.399,5.399,5.399,5.399,0,
09/07/2014,5.399,5.399,5.399,5.399,0,
10/07/2014,5.919,5.919,5.919,5.919,100,
11/07/2014,5.919,5.919,5.919,5.919,0,
14/07/2014,5.919,5.919,5.919,5.919,0,
15/07/2014,5.919,5.919,5.919,5.919,0,
16/07/2014,5.919,5.919,5.919,5.919,0,DIVIDEND
17/07/2014,5.919,5.919,5.919,5.919,0,
18/07/2014,5.919,5.919,5.919,5.919,0,
21/07/2014,5.919,5.919,5.919,5.919,0,
22/07/2014,5.919,5.919,5.919,5.919,0,
23/07/2014,5.919,5.919,5.919,5.919,0,
24/07/2014,5.919,5.919,5.919,5.919,0,
25/07/2014,5.919,5.919,5.919,5.919,0,
28/07/2014,5.919,5.919,5.919,5.919,0,
29/07/2014,5.919,5.919,5.919,5.919,0,
30/07/2014,5.919,5.919,5.919,5.919,0,
31/07/2014,5.919,5.919,5.919,5.919,0,
01/08/2014,5.919,5.919,5.919,5.919,0,
04/08/2014,5.919,5.919,5.919,5.919,0,
05/08/2014,5.919,5.919,5.919,5.919,0,
06/08/2014,5.919,5.919,5.919,5.919,0,
07/08/2014,5.919,5.919,5.919,5.919,0,
08/08/2014,5.919,5.919,5.919,5.919,0,
11/08/2014,5.919,5.919,5.919,5.919,0,
12/08/2014,5.919,5.919,5.919,5.919,0,
13/08/2014,5.919,5.919,5.919,5.919,0,
14/08/2014,5.919,5.919,5.919,5.919,0,
15/08/2014,5.919,5.919,5.919,5.919,0,
18/08/2014,5.919,5.919,5.919,5.919,0,
19/08/2014,5.919,5.919,5.919,5.919,0,
20/08/2014,5.919,5.919,5.919,5.919,0,
21/08/2014,5.919,5.919,5.919,5.919,0,
22/08/2014,5.919,5.919,5.919,5.919,0,
25/08/2014,5.919,5.919,5.919,5.919,0,
26/08/2014,5.919,5.919,5.919,5.919,0,
27/08/2014,5.919,5.919,5.919,5.919,0,
28/08/2014,5.919,5.919,5.919,5.919,0,
29/08/2014,5.919,5.919,5.919,5.919,0,
03/09/2014,5.919,5.919,5.919,5.919,0,
04/09/2014,5.919,5.919,5.919,5.919,0,
05/09/2014,5.919,5.919,5.919,5.919,0,
08/09/2014,5.919,5.919,5.919,5.919,0,
09/09/2014,5.919,5.919,5.919,5.919,0,
10/09/2014,5.919,5.919,5.919,5.919,0,
11/09/2014,5.919,5.919,5.919,5.919,0,
12/09/2014,5.919,5.919,5.919,5.919,0,
15/09/2014,5.919,5.919,5.919,5.919,0,
16/09/2014,5.919,5.919,5.919,5.919,0,
17/09/2014,5.919,5.919,5.919,5.919,0,
18/09/2014,5.919,5.919,5.919,5.919,0,
19/09/2014,5.919,5.919,5.919,5.919,0,
22/09/2014,5.919,5.919,5.919,5.919,0,
23/09/2014,5.919,5.919,5.919,5.919,0,
24/09/2014,5.919,5.919,5.919,5.919,0,
25/09/2014,5.919,5.919,5.919,5.919,0,
26/09/2014,5.919,5.919,5.919,5.919,0,
29/09/2014,5.919,5.919,5.919,5.919,0,
30/09/2014,5.919,5.919,5.919,5.919,0,
01/10/2014,5.919,5.919,5.919,5.919,0,
02/10/2014,5.919,5.919,5.919,5.919,0,
03/10/2014,5.919,5.919,5.919,5.919,0,
06/10/2014,5.919,5.919,5.919,5.919,0,
07/10/2014,5.919,5.919,5.919,5.919,0,
08/10/2014,5.919,5.919,5.919,5.919,0,
09/10/2014,5.919,5.919,5.919,5.919,0,
10/10/2014,5.919,5.919,5.919,5.919,0,
13/10/2014,5.919,5.919,5.919,5.919,0,
14/10/2014,5.919,5.919,5.919,5.919,0,
15/10/2014,5.919,5.919,5.919,5.919,0,
16/10/2014,5.919,5.919,5.919,5.919,0,
17/10/2014,5.919,5.919,5.919,5.919,0,
20/10/2014,5.919,5.919,5.919,5.919,0,
21/10/2014,5.919,5.919,5.919,5.919,0,
22/10/2014,5.919,5.919,5.919,5.919,0,
23/10/2014,5.919,5.919,5.919,5.919,0,
24/10/2014,5.919,5.919,5.919,5.919,0,
27/10/2014,5.919,5.919,5.919,5.919,0,
28/10/2014,5.919,5.919,5.919,5.919,0,
29/10/2014,3.552,3.552,3.552,3.552,4000,
30/10/2014,3.552,3.552,3.552,3.552,0,
31/10/2014,3.552,3.552,3.552,3.552,0,
03/11/2014,3.552,3.552,3.552,3.552,0,
04/11/2014,3.552,3.552,3.552,3.552,0,
05/11/2014,3.552,3.552,3.552,3.552,0,
06/11/2014,3.552,3.552,3.552,3.552,0,
07/11/2014,3.552,3.552,3.552,3.552,0,
10/11/2014,3.552,3.552,3.552,3.552,0,
11/11/2014,3.552,3.552,3.552,3.552,0,
12/11/2014,3.552,3.552,3.552,3.552,0,
13/11/2014,3.552,3.552,3.552,3.552,0,
14/11/2014,3.552,3.552,3.552,3.552,0,
17/11/2014,3.552,3.552,3.552,3.552,0,
18/11/2014,3.552,3.552,3.552,3.552,0,
19/11/2014,3.552,3.552,3.552,3.552,0,
20/11/2014,3.552,3.552,3.552,3.552,0,
21/11/2014,3.552,3.552,3.552,3.552,0,
24/11/2014,3.552,3.552,3.552,3.552,0,
25/11/2014,3.552,3.552,3.552,3.552,0,
26/11/2014,3.552,3.552,3.552,3.552,0,
27/11/2014,3.552,3.552,3.552,3.552,0,
28/11/2014,3.552,3.552,3.552,3.552,0,
01/12/2014,3.552,3.552,3.552,3.552,0,
02/12/2014,3.552,3.552,3.552,3.552,0,
03/12/2014,3.552,3.552,3.552,3.552,0,
04/12/2014,3.552,3.552,3.552,3.552,0,
05/12/2014,3.552,3.552,3.552,3.552,0,
08/12/2014,3.552,3.552,3.552,3.552,0,
09/12/2014,3.552,3.552,3.552,3.552,0,
10/12/2014,3.552,3.552,3.552,3.552,0,
11/12/2014,3.552,3.552,3.552,3.552,0,
12/12/2014,3.552,3.552,3.552,3.552,0,
15/12/2014,3.552,3.552,3.552,3.552,0,
16/12/2014,3.552,3.552,3.552,3.552,0,
17/12/2014,3.552,3.552,3.552,3.552,0,
18/12/2014,3.552,3.552,3.552,3.552,0,
19/12/2014,3.552,3.552,3.552,3.552,0,
22/12/2014,3.552,3.552,3.552,3.552,0,
23/12/2014,3.552,3.552,3.552,3.552,0,
24/12/2014,3.552,3.552,3.552,3.552,0,
25/12/2014,3.552,3.552,3.552,3.552,0,
26/12/2014,3.552,3.552,3.552,3.552,0,
29/12/2014,3.552,3.552,3.552,3.552,0,
30/12/2014,3.552,3.552,3.552,3.552,0,
31/12/2014,3.552,3.552,3.552,3.552,0,
05/01/2015,3.552,3.552,3.552,3.552,0,
06/01/2015,3.552,3.552,3.552,3.552,0,
07/01/2015,3.552,3.552,3.552,3.552,0,
08/01/2015,3.552,3.552,3.552,3.552,0,
09/01/2015,3.552,3.552,3.552,3.552,0,
12/01/2015,3.552,3.552,3.552,3.552,0,
13/01/2015,3.552,3.552,3.552,3.552,0,
14/01/2015,3.552,3.552,3.552,3.552,0,
15/01/2015,3.552,3.552,3.552,3.552,0,
16/01/2015,3.552,3.552,3.552,3.552,0,
19/01/2015,3.552,3.552,3.552,3.552,0,
20/01/2015,3.552,3.552,3.552,3.552,0,
21/01/2015,3.552,3.552,3.552,3.552,0,
22/01/2015,3.552,3.552,3.552,3.552,0,
23/01/2015,3.552,3.552,3.552,3.552,0,
26/01/2015,3.552,3.552,3.552,3.552,0,
27/01/2015,3.552,3.552,3.552,3.552,0,
28/01/2015,3.552,3.552,3.552,3.552,0,
29/01/2015,3.552,3.552,3.552,3.552,0,
30/01/2015,3.552,3.552,3.552,3.552,0,
02/02/2015,3.552,3.552,3.552,3.552,0,
03/02/2015,3.552,3.552,3.552,3.552,0,
04/02/2015,3.552,3.552,3.552,3.552,0,
05/02/2015,3.552,3.552,3.552,3.552,0,
06/02/2015,3.552,3.552,3.552,3.552,0,
09/02/2015,3.552,3.552,3.552,3.552,0,
10/02/2015,3.552,3.552,3.552,3.552,0,
11/02/2015,3.552,3.552,3.552,3.552,0,
12/02/2015,3.552,3.552,3.552,3.552,0,
13/02/2015,3.552,3.552,3.552,3.552,0,
24/02/2015,3.552,3.552,3.552,3.552,0,
25/02/2015,3.552,3.552,3.552,3.552,0,
26/02/2015,3.552,3.552,3.552,3.552,0,
27/02/2015,3.552,3.552,3.552,3.552,0,
02/03/2015,3.552,3.552,3.552,3.552,0,
03/03/2015,3.552,3.552,3.552,3.552,0,
04/03/2015,3.552,3.552,3.552,3.552,0,
05/03/2015,4.95,4.95,4.95,4.95,100,
06/03/2015,5.435,5.435,5.435,5.435,100,
09/03/2015,5.489,5.489,5.489,5.489,100,
10/03/2015,5.489,5.489,5.489,5.489,0,
11/03/2015,5.489,5.489,5.489,5.489,0,
12/03/2015,5.489,5.489,5.489,5.489,0,
13/03/2015,5.489,5.489,5.489,5.489,0,
16/03/2015,5.489,5.489,5.489,5.489,0,
17/03/2015,6.027,6.027,6.027,6.027,200,
18/03/2015,6.027,6.027,6.027,6.027,0,
19/03/2015,6.027,6.027,6.027,6.027,0,
20/03/2015,6.027,6.027,6.027,6.027,0,
23/03/2015,6.027,6.027,6.027,6.027,0,
24/03/2015,6.027,6.027,6.027,6.027,0,
25/03/2015,6.027,6.027,6.027,6.027,0,
26/03/2015,6.027,6.027,6.027,6.027,0,
27/03/2015,6.027,6.027,6.027,6.027,0,
30/03/2015,6.027,6.027,6.027,6.027,0,
31/03/2015,6.027,6.027,6.027,6.027,0,
01/04/2015,6.027,6.027,6.027,6.027,0,
02/04/2015,6.027,6.027,6.027,6.027,0,
03/04/2015,6.027,6.027,6.027,6.027,0,
06/04/2015,6.027,6.027,6.027,6.027,0,
07/04/2015,6.027,6.027,6.027,6.027,0,
08/04/2015,6.027,6.027,6.027,6.027,0,
09/04/2015,6.027,6.027,6.027,6.027,0,
10/04/2015,6.027,6.027,6.027,6.027,0,
13/04/2015,6.027,6.027,6.027,6.027,0,
14/04/2015,6.027,6.027,6.027,6.027,0,
15/04/2015,6.027,6.027,6.027,6.027,0,
16/04/2015,6.027,6.027,6.027,6.027,0,
17/04/2015,6.027,6.027,6.027,6.027,0,
20/04/2015,6.027,6.027,6.027,6.027,0,
21/04/2015,6.027,6.027,6.027,6.027,0,
22/04/2015,6.027,6.027,6.027,6.027,0,
23/04/2015,6.027,6.027,6.027,6.027,0,
24/04/2015,6.027,6.027,6.027,6.027,0,
27/04/2015,6.027,6.027,6.027,6.027,0,
04/05/2015,6.027,6.027,6.027,6.027,0,
05/05/2015,6.027,6.027,6.027,6.027,0,
06/05/2015,6.027,6.027,6.027,6.027,0,
07/05/2015,6.188,6.188,6.188,6.188,100,
08/05/2015,6.188,6.188,6.188,6.188,0,
11/05/2015,6.78,6.78,6.78,6.78,100,
12/05/2015,6.888,6.888,6.888,6.888,100,
13/05/2015,7.317,7.317,7.317,7.317,500,
14/05/2015,7.857,7.857,7.857,7.857,100,
15/05/2015,7.857,7.857,7.857,7.857,0,
18/05/2015,7.857,7.857,7.857,7.857,0,
19/05/2015,7.857,7.857,7.857,7.857,0,
20/05/2015,7.857,7.857,7.857,7.857,0,
21/05/2015,7.857,7.857,7.857,7.857,0,
22/05/2015,8.234,8.395,8.234,8.395,1900,
25/05/2015,8.287,8.287,8.287,8.287,0,
26/05/2015,8.287,8.287,8.287,8.287,0,
27/05/2015,8.556,8.556,8.556,8.556,100,
28/05/2015,8.556,8.556,8.556,8.556,0,
29/05/2015,8.556,8.556,8.556,8.556,0,
01/06/2015,8.556,8.556,8.556,8.556,0,
02/06/2015,8.556,8.556,8.556,8.556,0,
03/06/2015,8.556,8.556,8.556,8.556,0,
04/06/2015,8.61,8.61,8.61,8.61,200,
05/06/2015,8.61,8.61,8.61,8.61,0,
08/06/2015,8.61,8.61,8.61,8.61,0,
09/06/2015,8.61,8.61,8.61,8.61,0,
10/06/2015,8.61,8.61,8.61,8.61,0,
11/06/2015,8.61,8.61,8.61,8.61,0,
12/06/2015,8.61,8.61,8.61,8.61,0,
15/06/2015,8.61,8.61,8.61,8.61,200,
16/06/2015,8.61,8.61,8.61,8.61,0,
17/06/2015,8.61,8.61,8.61,8.61,0,
18/06/2015,8.61,8.61,8.61,8.61,0,
19/06/2015,8.072,8.34,8.072,8.34,400,
22/06/2015,8.663,8.663,8.663,8.663,300,
23/06/2015,8.663,8.663,8.663,8.663,0,
24/06/2015,8.663,8.663,8.663,8.663,0,
25/06/2015,8.663,8.663,8.663,8.663,0,
26/06/2015,8.717,8.717,8.717,8.717,1400,
29/06/2015,8.717,8.717,8.717,8.717,0,
30/06/2015,8.717,8.717,8.717,8.717,0,
01/07/2015,8.717,8.717,8.717,8.717,200,
02/07/2015,8.717,8.717,8.717,8.717,0,
03/07/2015,10.008,10.008,10.008,10.008,100,
06/07/2015,10.008,10.008,10.008,10.008,0,
07/07/2015,10.008,10.008,10.008,10.008,0,
08/07/2015,10.008,10.008,10.008,10.008,0,
09/07/2015,10.008,10.008,10.008,10.008,0,
10/07/2015,10.008,10.008,10.008,10.008,0,
13/07/2015,10.008,10.008,10.008,10.008,0,
14/07/2015,10.008,10.008,10.008,10.008,0,DIVIDEND
15/07/2015,10.008,10.008,10.008,10.008,0,
16/07/2015,10.008,10.008,10.008,10.008,0,
17/07/2015,10.008,10.008,10.008,10.008,0,
20/07/2015,10.008,10.008,10.008,10.008,0,
21/07/2015,10.008,10.008,10.008,10.008,0,
22/07/2015,10.008,10.008,10.008,10.008,0,
23/07/2015,10.008,10.008,10.008,10.008,0,
24/07/2015,10.008,10.008,10.008,10.008,0,
27/07/2015,10.008,10.008,10.008,10.008,0,
28/07/2015,10.008,10.008,10.008,10.008,0,
29/07/2015,10.008,10.008,10.008,10.008,0,
30/07/2015,10.008,10.008,10.008,10.008,0,
31/07/2015,10.008,10.008,10.008,10.008,0,
03/08/2015,10.008,10.008,10.008,10.008,0,
04/08/2015,10.008,10.008,10.008,10.008,0,
05/08/2015,10.008,10.008,10.008,10.008,0,
06/08/2015,10.008,10.008,10.008,10.008,0,
07/08/2015,10.008,10.008,10.008,10.008,0,
10/08/2015,10.008,10.008,10.008,10.008,0,
11/08/2015,10.008,10.008,10.008,10.008,0,
12/08/2015,10.008,10.008,10.008,10.008,0,
13/08/2015,10.008,10.008,10.008,10.008,0,
14/08/2015,9.476,9.713,9.476,9.713,600,
17/08/2015,9.535,9.535,9.535,9.535,0,
18/08/2015,9.535,9.535,9.535,9.535,0,
19/08/2015,9.535,9.535,9.535,9.535,0,
20/08/2015,9.535,9.535,9.535,9.535,0,
21/08/2015,9.535,9.535,9.535,9.535,0,
24/08/2015,8.647,9.357,8.647,9.357,600,
25/08/2015,9.061,9.061,9.061,9.061,0,
26/08/2015,9.061,9.061,9.061,9.061,0,
27/08/2015,8.054,8.291,7.995,8.291,400,
28/08/2015,8.114,8.114,8.114,8.114,0,
31/08/2015,8.114,8.114,8.114,8.114,0,
01/09/2015,8.172,8.172,8.172,8.172,1000,
03/09/2015,9.357,9.357,9.357,9.357,200,
04/09/2015,9.357,9.357,9.357,9.357,0,
07/09/2015,9.357,9.357,9.357,9.357,0,
08/09/2015,9.357,9.357,9.357,9.357,0,
09/09/2015,9.357,9.357,9.357,9.357,0,
10/09/2015,10.719,10.719,10.719,10.719,100,
11/09/2015,10.719,10.719,10.719,10.719,0,
14/09/2015,10.719,10.719,10.719,10.719,0,
15/09/2015,10.719,10.719,10.719,10.719,0,
16/09/2015,9.18,9.18,9.18,9.18,500,
17/09/2015,9.239,9.239,9.239,9.239,1000,
18/09/2015,9.239,9.239,9.239,9.239,0,
21/09/2015,9.239,9.239,9.239,9.239,0,
22/09/2015,9.239,9.239,9.239,9.239,0,
23/09/2015,9.239,9.239,9.239,9.239,0,
24/09/2015,9.239,9.239,9.239,9.239,0,
25/09/2015,9.239,9.239,9.239,9.239,0,
28/09/2015,9.239,9.239,9.239,9.239,0,
29/09/2015,9.239,9.239,9.239,9.239,0,
30/09/2015,9.239,9.239,9.239,9.239,0,
01/10/2015,9.239,9.239,9.239,9.239,0,
02/10/2015,9.239,9.239,9.239,9.239,0,
05/10/2015,9.239,9.239,9.239,9.239,0,
06/10/2015,9.239,9.239,9.239,9.239,0,
07/10/2015,9.239,9.239,9.239,9.239,0,
08/10/2015,9.239,9.239,9.239,9.239,0,
09/10/2015,7.995,7.995,7.995,7.995,100,
12/10/2015,8.172,9.18,8.172,9.18,200,
13/10/2015,8.765,8.765,8.765,8.765,100,
14/10/2015,10.068,10.068,10.068,10.068,200,
15/10/2015,10.068,10.068,10.068,10.068,0,
16/10/2015,10.068,10.068,10.068,10.068,100,
19/10/2015,8.647,8.647,8.647,8.647,100,
20/10/2015,9.476,9.476,9.239,9.239,200,
21/10/2015,9.357,9.357,9.357,9.357,0,
22/10/2015,9.357,9.357,9.357,9.357,0,
23/10/2015,9.357,9.357,9.357,9.357,0,
26/10/2015,9.357,9.357,9.357,9.357,0,
27/10/2015,8.765,8.765,8.765,8.765,100,
28/10/2015,8.765,8.765,8.765,8.765,0,
29/10/2015,8.765,8.765,8.765,8.765,0,
30/10/2015,8.765,8.765,8.765,8.765,0,
02/11/2015,8.765,8.765,8.765,8.765,0,
03/11/2015,8.765,8.765,8.765,8.765,0,
04/11/2015,8.765,8.765,8.765,8.765,0,
05/11/2015,8.765,8.765,8.765,8.765,0,
06/11/2015,8.765,8.765,8.765,8.765,0,
09/11/2015,8.765,8.765,8.765,8.765,0,
10/11/2015,8.765,8.765,8.765,8.765,0,
11/11/2015,8.765,8.765,8.765,8.765,0,
12/11/2015,8.765,8.765,8.765,8.765,0,
13/11/2015,8.765,8.765,8.765,8.765,0,
16/11/2015,10.068,10.068,10.068,10.068,100,
17/11/2015,10.068,10.068,10.068,10.068,0,
18/11/2015,10.068,10.068,10.068,10.068,0,
19/11/2015,10.068,10.068,10.068,10.068,0,
20/11/2015,10.068,10.068,10.068,10.068,0,
23/11/2015,10.068,10.068,10.068,10.068,0,
24/11/2015,10.068,10.068,10.068,10.068,0,
25/11/2015,10.068,10.068,10.068,10.068,0,
26/11/2015,10.068,10.068,10.068,10.068,0,
27/11/2015,10.068,10.068,10.068,10.068,0,
30/11/2015,10.068,10.068,10.068,10.068,0,
01/12/2015,10.068,10.068,10.068,10.068,0,
02/12/2015,10.068,10.068,10.068,10.068,0,
03/12/2015,10.068,10.068,10.068,10.068,0,
04/12/2015,10.068,10.068,10.068,10.068,0,
07/12/2015,10.068,10.068,10.068,10.068,0,
08/12/2015,10.068,10.068,10.068,10.068,0,
09/12/2015,10.068,10.068,10.068,10.068,0,
10/12/2015,10.068,10.068,10.068,10.068,0,
11/12/2015,10.068,10.068,10.068,10.068,100,
14/12/2015,10.068,10.068,10.068,10.068,0,
15/12/2015,10.068,10.068,10.068,10.068,0,
16/12/2015,10.068,10.068,10.068,10.068,0,
17/12/2015,10.068,10.068,10.068,10.068,0,
18/12/2015,10.068,10.068,10.068,10.068,0,
21/12/2015,10.068,10.068,10.068,10.068,0,
22/12/2015,10.068,10.068,10.068,10.068,0,
23/12/2015,10.068,10.068,10.068,10.068,0,
24/12/2015,10.068,10.068,10.068,10.068,0,
25/12/2015,10.068,10.068,10.068,10.068,0,
28/12/2015,10.068,10.068,10.068,10.068,0,
29/12/2015,10.068,10.068,10.068,10.068,0,
30/12/2015,10.068,10.068,10.068,10.068,0,
31/12/2015,10.068,10.068,10.068,10.068,0,
04/01/2016,10.068,10.068,10.068,10.068,0,
05/01/2016,10.068,10.068,10.068,10.068,0,
06/01/2016,10.068,10.068,10.068,10.068,0,
07/01/2016,10.068,10.068,10.068,10.068,0,
08/01/2016,10.068,10.068,10.068,10.068,0,
11/01/2016,10.068,10.068,10.068,10.068,0,
12/01/2016,10.068,10.068,10.068,10.068,0,
13/01/2016,10.068,10.068,10.068,10.068,0,
14/01/2016,10.068,10.068,10.068,10.068,0,
15/01/2016,10.068,10.068,10.068,10.068,0,
18/01/2016,10.068,10.068,10.068,10.068,0,
19/01/2016,10.068,10.068,10.068,10.068,0,
20/01/2016,10.068,10.068,10.068,10.068,0,
21/01/2016,10.068,10.068,10.068,10.068,0,
22/01/2016,10.068,10.068,10.068,10.068,0,
25/01/2016,10.068,10.068,10.068,10.068,0,
26/01/2016,10.068,10.068,10.068,10.068,0,
27/01/2016,10.068,10.068,10.068,10.068,0,
28/01/2016,10.068,10.068,10.068,10.068,0,
29/01/2016,10.068,10.068,10.068,10.068,0,
01/02/2016,10.068,10.068,10.068,10.068,0,
02/02/2016,10.068,10.068,10.068,10.068,0,
03/02/2016,10.068,10.068,10.068,10.068,0,
04/02/2016,10.068,10.068,10.068,10.068,0,
05/02/2016,10.068,10.068,10.068,10.068,0,
15/02/2016,10.068,10.068,10.068,10.068,0,
16/02/2016,10.068,10.068,10.068,10.068,0,
17/02/2016,10.068,10.068,10.068,10.068,0,
18/02/2016,10.068,10.068,10.068,10.068,0,
19/02/2016,10.068,10.068,10.068,10.068,0,
22/02/2016,10.068,10.068,10.068,10.068,0,
23/02/2016,10.068,10.068,10.068,10.068,0,
24/02/2016,10.068,10.068,10.068,10.068,0,
25/02/2016,10.068,10.068,10.068,10.068,100,
26/02/2016,10.068,10.068,10.068,10.068,0,
29/02/2016,10.068,10.068,10.068,10.068,0,
01/03/2016,10.068,10.068,10.068,10.068,200,
02/03/2016,10.068,10.068,10.068,10.068,0,
03/03/2016,10.068,10.068,10.068,10.068,0,
04/03/2016,10.068,10.068,10.068,10.068,0,
07/03/2016,10.068,10.068,10.068,10.068,200,
08/03/2016,10.068,10.068,10.068,10.068,0,
09/03/2016,10.068,10.068,10.068,10.068,100,
10/03/2016,10.068,10.068,10.068,10.068,0,
11/03/2016,10.068,10.068,10.068,10.068,0,
14/03/2016,10.068,10.068,10.068,10.068,0,
15/03/2016,10.068,10.068,10.068,10.068,0,
16/03/2016,10.068,10.068,10.068,10.068,0,
17/03/2016,10.068,10.068,10.068,10.068,0,
18/03/2016,10.068,10.068,10.068,10.068,0,
21/03/2016,10.068,10.068,10.068,10.068,0,
22/03/2016,10.068,10.068,10.068,10.068,0,
23/03/2016,10.068,10.068,10.068,10.068,0,
24/03/2016,10.068,10.068,10.068,10.068,0,
25/03/2016,10.068,10.068,10.068,10.068,0,
28/03/2016,10.068,10.068,10.068,10.068,0,
29/03/2016,10.068,10.068,10.068,10.068,0,
30/03/2016,10.068,10.068,10.068,10.068,0,
31/03/2016,10.068,10.068,10.068,10.068,0,
01/04/2016,10.068,10.068,10.068,10.068,0,
04/04/2016,10.187,10.187,10.127,10.127,200,
05/04/2016,10.187,10.187,10.187,10.187,0,
06/04/2016,8.707,8.707,8.707,8.707,100,
07/04/2016,8.707,8.707,8.707,8.707,0,
08/04/2016,8.707,8.707,8.707,8.707,0,
11/04/2016,8.707,8.707,8.707,8.707,0,
12/04/2016,9.18,9.18,9.18,9.18,100,
13/04/2016,9.476,9.476,9.476,9.476,200,
14/04/2016,9.476,9.476,9.476,9.476,0,
15/04/2016,9.476,9.476,9.476,9.476,0,
19/04/2016,9.476,9.476,9.476,9.476,0,
20/04/2016,9.772,9.772,9.772,9.772,200,
21/04/2016,9.772,9.772,9.772,9.772,0,
22/04/2016,9.772,9.772,9.772,9.772,0,
25/04/2016,9.772,9.772,9.772,9.772,0,
26/04/2016,9.772,9.772,9.772,9.772,0,
27/04/2016,10.66,10.66,10.601,10.601,400,
28/04/2016,10.66,10.66,10.66,10.66,0,
29/04/2016,10.66,10.66,10.66,10.66,0,
04/05/2016,10.66,10.66,10.66,10.66,0,
05/05/2016,9.061,9.061,9.061,9.061,300,
06/05/2016,9.239,9.239,9.239,9.239,100,
09/05/2016,9.239,9.239,9.239,9.239,0,
10/05/2016,9.476,9.476,9.476,9.476,100,
11/05/2016,9.476,9.476,9.476,9.476,0,
12/05/2016,9.061,9.061,9.061,9.061,300,
13/05/2016,9.772,9.772,9.772,9.772,200,
16/05/2016,9.476,9.476,9.476,9.476,100,
17/05/2016,9.476,9.476,9.476,9.476,200,
18/05/2016,9.476,9.476,9.476,9.476,0,
19/05/2016,9.772,9.772,9.772,9.772,200,
20/05/2016,10.068,10.068,10.068,10.068,4900,
23/05/2016,10.66,10.66,10.66,10.66,200,
24/05/2016,10.66,10.66,10.66,10.66,0,
25/05/2016,10.66,10.66,10.66,10.66,200,
26/05/2016,10.66,10.66,10.66,10.66,0,
27/05/2016,10.66,10.66,10.66,10.66,0,
30/05/2016,10.66,10.66,10.66,10.66,0,
31/05/2016,10.364,10.364,10.364,10.364,200,
01/06/2016,10.364,10.364,10.364,10.364,0,
02/06/2016,10.364,10.364,10.364,10.364,0,
03/06/2016,10.364,10.364,10.364,10.364,0,
06/06/2016,10.66,10.66,10.66,10.66,200,
07/06/2016,10.364,10.364,10.364,10.364,100,
08/06/2016,10.364,10.364,10.364,10.364,0,
09/06/2016,10.364,10.364,10.364,10.364,100,
10/06/2016,10.364,10.364,10.364,10.364,0,
13/06/2016,10.364,10.364,10.364,10.364,0,
14/06/2016,10.364,10.364,10.364,10.364,0,
15/06/2016,10.364,10.364,10.364,10.364,0,
16/06/2016,10.364,10.364,10.364,10.364,0,
17/06/2016,10.364,10.364,10.364,10.364,0,
20/06/2016,10.364,10.364,10.364,10.364,0,
21/06/2016,10.364,10.364,10.364,10.364,0,
22/06/2016,10.364,10.364,10.364,10.364,0,
23/06/2016,10.364,10.364,10.364,10.364,0,
24/06/2016,10.364,10.364,10.364,10.364,0,
27/06/2016,10.364,10.364,10.364,10.364,0,
28/06/2016,10.364,10.364,10.364,10.364,0,
29/06/2016,10.364,10.364,10.364,10.364,0,
30/06/2016,10.364,10.364,10.364,10.364,0,
01/07/2016,10.364,10.364,10.364,10.364,0,
04/07/2016,10.364,10.364,10.364,10.364,200,
05/07/2016,10.364,10.364,10.364,10.364,0,
06/07/2016,10.364,10.364,10.364,10.364,0,
07/07/2016,10.364,10.364,10.364,10.364,0,
08/07/2016,10.364,10.364,10.364,10.364,0,
11/07/2016,10.364,10.364,10.364,10.364,0,
12/07/2016,10.364,10.364,10.364,10.364,0,
13/07/2016,10.364,10.364,10.364,10.364,0,
14/07/2016,10.364,10.364,10.364,10.364,0,DIVIDEND
15/07/2016,10.364,10.364,10.364,10.364,0,
18/07/2016,10.364,10.364,10.364,10.364,0,
19/07/2016,10.364,10.364,10.364,10.364,0,
20/07/2016,10.364,10.364,10.364,10.364,0,
21/07/2016,10.364,10.364,10.364,10.364,0,
22/07/2016,10.364,10.364,10.364,10.364,0,
25/07/2016,10.364,10.364,10.364,10.364,0,
26/07/2016,10.364,10.364,10.364,10.364,0,
27/07/2016,10.364,10.364,10.364,10.364,0,
28/07/2016,10.364,10.364,10.364,10.364,0,
29/07/2016,10.364,10.364,10.364,10.364,0,
01/08/2016,10.364,10.364,10.364,10.364,0,
02/08/2016,10.3,10.3,10.3,10.3,200,
03/08/2016,10.3,10.3,10.3,10.3,0,
04/08/2016,10.3,10.3,10.3,10.3,500,
05/08/2016,10.3,10.3,10.3,10.3,0,
08/08/2016,10.3,10.3,10.3,10.3,0,
09/08/2016,10.3,10.3,10.3,10.3,0,
10/08/2016,10.3,10.3,10.3,10.3,200,
11/08/2016,10.3,10.3,10.3,10.3,0,
12/08/2016,10.3,10.3,10.3,10.3,0,
15/08/2016,10.3,10.3,10.3,10.3,0,
16/08/2016,10.3,10.3,10.3,10.3,0,
17/08/2016,10.3,10.3,10.3,10.3,800,
18/08/2016,10.3,10.3,10.3,10.3,0,
19/08/2016,10.3,10.3,10.3,10.3,0,
22/08/2016,10.943,10.943,10.943,10.943,100,
23/08/2016,10.943,10.943,10.943,10.943,0,
24/08/2016,10.943,10.943,10.943,10.943,0,
25/08/2016,10.943,10.943,10.943,10.943,0,
26/08/2016,10.943,10.943,10.943,10.943,0,
29/08/2016,10.943,10.943,10.943,10.943,0,
30/08/2016,11.008,11.008,11.008,11.008,100,
31/08/2016,11.587,11.587,11.587,11.587,100,
01/09/2016,11.587,11.587,11.587,11.587,0,
05/09/2016,11.587,11.587,11.587,11.587,0,
06/09/2016,11.587,11.587,11.587,11.587,0,
07/09/2016,11.587,11.587,11.587,11.587,0,
08/09/2016,11.587,11.587,11.587,11.587,0,
09/09/2016,11.587,11.587,11.587,11.587,0,
12/09/2016,10.236,10.364,10.236,10.3,2200,
13/09/2016,11.072,11.072,11.072,11.072,100,
14/09/2016,11.072,11.072,11.072,11.072,0,
15/09/2016,11.072,11.072,11.072,11.072,0,
16/09/2016,11.652,12.682,11.652,12.682,200,
19/09/2016,12.167,12.167,12.167,12.167,0,
20/09/2016,12.167,12.167,12.167,12.167,0,
21/09/2016,12.552,13.904,10.364,13.904,400,
22/09/2016,11.781,11.781,11.781,11.781,0,
23/09/2016,11.781,11.781,11.781,11.781,0,
26/09/2016,11.458,11.458,10.3,10.364,400,
27/09/2016,12.102,12.102,12.102,12.102,100,
28/09/2016,12.102,12.102,12.102,12.102,0,
29/09/2016,12.102,12.102,12.102,12.102,0,
30/09/2016,12.102,12.102,12.102,12.102,0,
03/10/2016,12.102,12.102,12.102,12.102,0,
04/10/2016,12.102,12.102,12.102,12.102,0,
05/10/2016,12.102,12.102,12.102,12.102,0,
06/10/2016,12.102,12.102,12.102,12.102,0,
07/10/2016,12.102,12.102,12.102,12.102,0,
10/10/2016,12.102,12.102,12.102,12.102,0,
11/10/2016,12.102,12.102,12.102,12.102,0,
12/10/2016,12.102,12.102,12.102,12.102,0,
13/10/2016,12.102,12.102,12.102,12.102,0,
14/10/2016,10.364,10.364,10.364,10.364,2000,
17/10/2016,11.458,11.522,11.458,11.522,200,
18/10/2016,11.394,11.394,10.814,10.814,1400,
19/10/2016,12.552,12.552,12.552,12.552,100,
20/10/2016,10.943,11.587,10.943,11.587,1600,
21/10/2016,11.072,11.072,11.072,11.072,200,
24/10/2016,10.622,10.622,10.622,10.622,1000,
25/10/2016,11.137,11.137,11.137,11.137,100,
26/10/2016,11.137,11.137,11.137,11.137,0,
27/10/2016,11.137,11.137,11.137,11.137,0,
28/10/2016,11.652,11.652,11.652,11.652,100,
31/10/2016,11.652,11.652,11.652,11.652,0,
01/11/2016,11.652,11.652,11.652,11.652,0,
02/11/2016,11.008,12.875,11.008,12.875,500,
03/11/2016,10.364,10.364,10.236,10.3,3000,
04/11/2016,11.394,11.394,9.785,9.785,200,
07/11/2016,10.622,10.622,10.622,10.622,0,
08/11/2016,10.493,10.687,10.493,10.687,400,
09/11/2016,11.587,11.587,11.587,11.587,100,
10/11/2016,11.587,11.587,11.587,11.587,0,
11/11/2016,10.687,10.814,10.687,10.814,300,
14/11/2016,10.687,10.687,10.622,10.622,200,
15/11/2016,10.687,10.687,10.687,10.687,0,
16/11/2016,10.428,10.879,10.3,10.879,2300,
17/11/2016,10.428,10.428,10.428,10.428,0,
18/11/2016,10.428,10.428,10.428,10.428,0,
21/11/2016,10.364,10.428,10.364,10.428,200,
22/11/2016,10.428,10.428,10.428,10.428,0,
23/11/2016,11.909,11.909,11.909,11.909,100,
24/11/2016,11.909,11.909,11.909,11.909,0,
25/11/2016,10.3,10.364,10.3,10.364,1100,
28/11/2016,11.844,11.844,11.844,11.844,100,
29/11/2016,10.879,10.879,10.879,10.879,100,
30/11/2016,10.3,11.587,10.236,11.587,1600,
01/12/2016,11.33,11.33,11.33,11.33,100,
02/12/2016,11.33,11.33,11.33,11.33,0,
05/12/2016,11.33,11.33,11.33,11.33,0,
06/12/2016,11.33,11.33,11.33,11.33,0,
07/12/2016,11.33,11.33,11.33,11.33,0,
08/12/2016,11.33,11.33,11.33,11.33,0,
09/12/2016,11.33,11.33,11.33,11.33,0,
12/12/2016,11.33,11.33,11.33,11.33,0,
13/12/2016,11.33,11.33,11.33,11.33,0,
14/12/2016,11.33,11.33,11.33,11.33,0,
15/12/2016,11.33,11.33,11.33,11.33,0,
16/12/2016,11.33,11.33,11.33,11.33,0,
19/12/2016,10.814,10.814,10.75,10.75,1000,
20/12/2016,10.814,10.814,10.814,10.814,0,
21/12/2016,10.622,10.622,10.557,10.557,300,
22/12/2016,11.587,11.587,11.587,11.587,100,
23/12/2016,11.587,11.587,11.587,11.587,0,
26/12/2016,10.042,10.557,10.042,10.557,5900,
27/12/2016,10.106,10.106,10.106,10.106,0,
28/12/2016,10.106,10.106,10.106,10.106,0,
29/12/2016,10.171,10.236,10.171,10.236,2300,
30/12/2016,10.171,10.171,10.171,10.171,0,
03/01/2017,10.3,10.3,10.236,10.236,4100,
04/01/2017,10.3,10.3,10.3,10.3,0,
05/01/2017,10.3,10.3,10.3,10.3,0,
06/01/2017,10.622,10.814,10.622,10.814,200,
09/01/2017,10.75,10.75,10.75,10.75,0,
10/01/2017,10.75,10.75,10.75,10.75,0,
11/01/2017,10.75,10.75,10.75,10.75,0,
12/01/2017,10.622,10.622,10.622,10.622,800,
13/01/2017,10.622,10.622,10.622,10.622,0,
16/01/2017,10.622,10.622,10.622,10.622,0,
17/01/2017,11.137,11.137,11.137,11.137,100,
18/01/2017,11.137,11.137,11.137,11.137,0,
19/01/2017,11.137,11.137,11.137,11.137,0,
20/01/2017,11.137,11.137,11.137,11.137,0,
23/01/2017,10.3,10.3,10.3,10.3,900,
24/01/2017,10.3,10.3,10.3,10.3,0,
25/01/2017,10.3,10.3,10.3,10.3,0,
02/02/2017,10.3,10.3,10.3,10.3,0,
03/02/2017,10.622,10.622,10.622,10.622,100,
06/02/2017,10.622,10.622,10.622,10.622,0,
07/02/2017,10.622,10.622,10.622,10.622,0,
08/02/2017,10.3,10.364,10.3,10.3,300,
09/02/2017,10.3,10.3,10.3,10.3,100,
10/02/2017,10.3,10.3,10.3,10.3,0,
13/02/2017,10.3,10.3,10.3,10.3,0,
14/02/2017,10.3,10.3,10.3,10.3,0,
15/02/2017,10.3,10.3,10.3,10.3,0,
16/02/2017,10.3,10.3,10.3,10.3,0,
17/02/2017,10.3,10.3,10.3,10.3,1000,
20/02/2017,10.364,10.364,10.364,10.364,2200,
21/02/2017,10.364,10.364,10.364,10.364,0,
22/02/2017,10.364,10.364,10.3,10.3,1500,
23/02/2017,10.364,10.364,10.364,10.364,0,
24/02/2017,10.364,10.364,10.364,10.364,0,
27/02/2017,10.364,10.364,10.364,10.364,0,
28/02/2017,10.364,10.364,10.364,10.364,0,
01/03/2017,10.364,10.364,10.364,10.364,0,
02/03/2017,10.364,10.364,10.364,10.364,0,
03/03/2017,10.364,10.364,10.364,10.364,0,
06/03/2017,10.364,10.364,10.364,10.364,0,
07/03/2017,10.943,10.943,10.75,10.75,1600,
08/03/2017,10.943,10.943,10.943,10.943,0,
09/03/2017,10.943,10.943,10.943,10.943,0,
10/03/2017,10.943,10.943,10.943,10.943,0,
13/03/2017,10.943,10.943,10.943,10.943,0,
14/03/2017,10.943,10.943,10.943,10.943,0,
15/03/2017,10.943,10.943,10.943,10.943,0,
16/03/2017,10.943,10.943,10.943,10.943,0,
17/03/2017,10.943,10.943,10.943,10.943,0,
20/03/2017,10.943,10.943,10.943,10.943,0,
21/03/2017,10.943,10.943,10.943,10.943,0,
22/03/2017,10.3,10.3,10.3,10.3,200,
23/03/2017,10.3,10.3,10.3,10.3,900,
24/03/2017,10.3,10.3,10.3,10.3,0,
27/03/2017,10.3,10.3,10.3,10.3,1100,
28/03/2017,10.3,10.3,10.3,10.3,100,
29/03/2017,10.3,10.3,10.3,10.3,0,
30/03/2017,10.814,10.814,10.814,10.814,100,
31/03/2017,10.943,10.943,10.814,10.814,500,
03/04/2017,10.879,10.879,10.879,10.879,0,
04/04/2017,9.27,9.27,9.27,9.27,100,
05/04/2017,10.557,10.557,10.557,10.557,100,
07/04/2017,10.557,10.557,10.557,10.557,300,
10/04/2017,12.102,12.102,10.75,10.75,1100,
11/04/2017,12.617,12.617,9.398,12.617,1300,
12/04/2017,11.781,11.781,10.106,11.781,500,
13/04/2017,9.849,13.132,9.849,11.266,1700,
14/04/2017,12.81,13.454,12.81,13.454,1100,
17/04/2017,11.394,15.385,11.394,11.394,18000,
18/04/2017,9.849,9.849,9.849,9.849,3000,
19/04/2017,11.266,11.266,8.497,8.497,14400,
20/04/2017,9.721,11.587,9.721,11.587,6900,
21/04/2017,11.909,11.909,11.716,11.716,1300,
24/04/2017,12.875,12.875,11.008,11.008,300,
25/04/2017,12.231,12.231,12.231,12.231,0,
26/04/2017,12.231,12.231,12.231,12.231,0,
27/04/2017,12.939,12.939,10.428,10.428,800,
28/04/2017,11.33,11.33,11.33,11.33,0,
03/05/2017,12.488,13.003,11.587,13.003,500,
04/05/2017,11.587,11.587,11.587,11.587,1000,
05/05/2017,11.587,13.261,11.587,13.261,600,
08/05/2017,11.909,11.909,10.3,10.3,600,
09/05/2017,10.3,10.3,9.333,10.3,400,
10/05/2017,8.433,11.266,8.433,10.3,18500,
11/05/2017,8.111,10.622,8.111,10.622,18100,
12/05/2017,9.721,9.721,9.721,9.721,100,
15/05/2017,9.721,9.721,9.721,9.721,0,
16/05/2017,10.106,10.106,9.978,10.042,1200,
17/05/2017,10.236,10.3,10.106,10.106,7600,
18/05/2017,10.236,10.3,10.236,10.3,6100,
19/05/2017,10.236,10.236,10.236,10.236,0,
22/05/2017,10.943,10.943,10.943,10.943,600,
23/05/2017,10.943,10.943,10.943,10.943,0,
24/05/2017,10.943,10.943,10.943,10.943,0,
25/05/2017,11.072,11.072,10.879,10.879,1200,
26/05/2017,10.75,10.75,10.75,10.75,100,
29/05/2017,10.75,10.814,10.75,10.814,5200,
30/05/2017,10.75,10.75,10.75,10.75,0,
31/05/2017,10.943,10.943,10.943,10.943,100,
01/06/2017,10.428,10.428,10.428,10.428,100,
02/06/2017,11.351,11.492,11.351,11.492,500,DIVIDEND
05/06/2017,11.422,11.422,11.422,11.422,100,
06/06/2017,11.422,11.422,11.422,11.422,0,
07/06/2017,11.422,11.422,11.422,11.422,0,
08/06/2017,11.351,11.351,11.351,11.351,400,
09/06/2017,11.351,11.351,11.351,11.351,0,
12/06/2017,11.351,11.351,11.351,11.351,0,
13/06/2017,11.422,11.422,11.422,11.422,100,
14/06/2017,11.492,11.492,11.422,11.422,1500,
15/06/2017,11.492,11.492,11.492,11.492,0,
16/06/2017,11.563,11.563,11.492,11.492,200,
19/06/2017,11.492,12.06,11.492,11.492,1300,
20/06/2017,13.124,13.124,11.492,11.492,2000,
21/06/2017,12.486,12.486,12.486,12.486,0,
22/06/2017,12.486,12.486,12.486,12.486,0,
23/06/2017,12.486,12.486,12.486,12.486,0,
26/06/2017,12.486,12.486,12.486,12.486,0,
27/06/2017,11.989,11.989,11.563,11.563,200,
28/06/2017,11.492,11.492,11.492,11.492,100,
29/06/2017,11.563,11.563,11.563,11.563,100,
30/06/2017,11.634,11.634,11.634,11.634,100,
03/07/2017,11.634,11.634,11.634,11.634,0,
04/07/2017,11.705,11.705,11.705,11.705,100,
05/07/2017,11.989,11.989,11.918,11.918,200,
06/07/2017,11.705,11.705,11.705,11.705,100,
07/07/2017,11.989,11.989,11.705,11.705,1300,
10/07/2017,11.918,11.918,11.918,11.918,0,
11/07/2017,11.918,11.918,11.918,11.918,0,
12/07/2017,11.918,11.918,11.918,11.918,0,
13/07/2017,11.918,11.918,11.918,11.918,0,
14/07/2017,11.918,11.918,11.918,11.918,0,
17/07/2017,11.918,11.918,11.918,11.918,0,
18/07/2017,11.918,11.918,11.918,11.918,0,
19/07/2017,12.131,12.131,12.06,12.06,700,
20/07/2017,12.06,12.06,12.06,12.06,0,
21/07/2017,12.06,12.06,12.06,12.06,0,
24/07/2017,12.06,12.06,12.06,12.06,0,
25/07/2017,12.06,12.06,12.06,12.06,0,
26/07/2017,12.06,12.06,12.06,12.06,0,
27/07/2017,12.06,12.06,12.06,12.06,0,
28/07/2017,12.06,12.06,12.06,12.06,0,
31/07/2017,12.06,12.06,12.06,12.06,0,
01/08/2017,12.06,12.06,12.06,12.06,0,
02/08/2017,12.06,12.06,12.06,12.06,0,
03/08/2017,12.06,12.06,12.06,12.06,0,
04/08/2017,12.06,12.06,12.06,12.06,0,
07/08/2017,12.06,12.06,12.06,12.06,0,
08/08/2017,10.57,10.57,10.57,10.57,100,
09/08/2017,10.57,10.57,10.57,10.57,0,
10/08/2017,10.57,10.57,10.57,10.57,0,
11/08/2017,10.57,10.57,10.57,10.57,0,
14/08/2017,10.57,10.57,10.57,10.57,0,
15/08/2017,11.989,11.989,11.989,11.989,100,
16/08/2017,11.989,11.989,11.989,11.989,0,
17/08/2017,11.989,11.989,11.989,11.989,0,
18/08/2017,11.989,11.989,11.989,11.989,0,
21/08/2017,11.989,11.989,11.989,11.989,0,
22/08/2017,11.989,11.989,11.989,11.989,0,
23/08/2017,11.989,11.989,11.989,11.989,0,
24/08/2017,11.989,11.989,11.989,11.989,0,
25/08/2017,11.989,11.989,11.989,11.989,0,
28/08/2017,11.989,11.989,11.989,11.989,0,
29/08/2017,11.989,11.989,11.989,11.989,0,
30/08/2017,11.989,11.989,11.989,11.989,0,
31/08/2017,11.989,11.989,11.989,11.989,0,
01/09/2017,11.989,11.989,11.989,11.989,0,
05/09/2017,11.989,11.989,11.989,11.989,0,
06/09/2017,11.989,11.989,11.989,11.989,0,
07/09/2017,12.06,12.06,12.06,12.06,2100,
08/09/2017,12.06,12.06,12.06,12.06,0,
11/09/2017,12.131,12.131,11.989,11.989,1200,
12/09/2017,12.131,12.131,12.131,12.131,200,
13/09/2017,12.131,12.131,12.06,12.06,1100,
14/09/2017,12.131,12.131,12.131,12.131,0,
15/09/2017,12.131,12.131,12.131,12.131,500,
18/09/2017,12.131,12.131,12.131,12.131,0,
19/09/2017,12.06,12.06,12.06,12.06,1200,
20/09/2017,12.06,12.06,12.06,12.06,0,
21/09/2017,12.06,12.06,12.06,12.06,0,
22/09/2017,12.131,12.131,12.131,12.131,100,
25/09/2017,11.989,11.989,11.989,11.989,100,
26/09/2017,11.989,11.989,11.989,11.989,0,
27/09/2017,12.131,12.131,12.06,12.06,200,
28/09/2017,12.131,12.131,12.131,12.131,0,
29/09/2017,12.131,12.131,12.131,12.131,0,
02/10/2017,12.131,12.131,12.131,12.131,0,
03/10/2017,12.131,12.131,12.131,12.131,0,
04/10/2017,12.131,12.131,12.131,12.131,0,
05/10/2017,12.131,12.131,12.131,12.131,0,
06/10/2017,12.131,12.131,12.131,12.131,0,
09/10/2017,12.131,12.131,12.131,12.131,0,
10/10/2017,12.131,12.131,12.131,12.131,0,
11/10/2017,12.131,12.131,12.131,12.131,0,
12/10/2017,12.131,12.131,12.131,12.131,0,
13/10/2017,12.131,12.131,12.131,12.131,0,
16/10/2017,12.415,12.415,12.415,12.415,1600,
17/10/2017,12.415,12.415,12.415,12.415,0,
18/10/2017,12.415,12.415,12.415,12.415,0,
19/10/2017,12.415,12.415,12.415,12.415,0,
20/10/2017,12.415,12.415,12.415,12.415,0,
23/10/2017,12.415,12.415,12.415,12.415,0,
24/10/2017,12.415,12.415,12.415,12.415,0,
25/10/2017,12.415,12.415,12.415,12.415,0,
26/10/2017,12.415,12.415,12.415,12.415,0,
27/10/2017,12.415,12.415,12.415,12.415,0,
30/10/2017,12.415,12.415,12.415,12.415,0,
31/10/2017,12.415,12.415,12.415,12.415,0,
01/11/2017,12.415,12.415,12.415,12.415,0,
02/11/2017,12.415,12.415,12.415,12.415,0,
03/11/2017,12.415,12.415,12.415,12.415,0,
06/11/2017,12.415,12.415,12.415,12.415,0,
07/11/2017,12.415,12.415,12.415,12.415,0,
08/11/2017,12.415,12.415,12.415,12.415,0,
09/11/2017,12.415,12.415,12.415,12.415,0,
10/11/2017,12.415,12.415,12.415,12.415,0,
13/11/2017,12.415,12.415,12.415,12.415,0,
14/11/2017,12.415,12.415,12.415,12.415,0,
15/11/2017,12.415,12.415,12.415,12.415,0,
16/11/2017,12.415,12.415,12.415,12.415,0,
17/11/2017,12.415,12.415,12.415,12.415,0,
20/11/2017,12.415,12.415,12.415,12.415,0,
21/11/2017,12.415,12.415,12.415,12.415,0,
22/11/2017,12.415,12.415,12.415,12.415,0,
23/11/2017,12.415,12.415,12.415,12.415,0,
24/11/2017,12.415,12.415,12.415,12.415,0,
27/11/2017,12.415,12.415,12.415,12.415,0,
28/11/2017,12.415,12.415,12.415,12.415,0,
29/11/2017,12.415,12.415,12.415,12.415,0,
30/11/2017,12.415,12.415,12.415,12.415,0,
01/12/2017,12.415,12.415,12.415,12.415,0,
04/12/2017,12.415,12.415,12.415,12.415,0,
05/12/2017,12.415,12.415,12.415,12.415,0,
06/12/2017,12.415,12.415,12.415,12.415,0,
07/12/2017,12.415,12.415,12.415,12.415,0,
08/12/2017,12.415,12.415,12.415,12.415,0,
11/12/2017,12.557,12.557,12.557,12.557,200,
12/12/2017,12.557,12.557,12.557,12.557,0,
13/12/2017,12.557,12.557,12.557,12.557,0,
14/12/2017,12.557,12.557,12.557,12.557,0,
15/12/2017,12.557,12.557,12.557,12.557,0,
18/12/2017,12.557,12.557,12.557,12.557,0,
19/12/2017,12.557,12.557,12.557,12.557,0,
20/12/2017,12.557,12.557,12.557,12.557,0,
21/12/2017,12.557,12.557,12.557,12.557,0,
22/12/2017,12.557,12.557,12.557,12.557,1500,
25/12/2017,12.557,12.557,12.557,12.557,0,
26/12/2017,12.557,12.557,12.557,12.557,0,
27/12/2017,12.557,12.557,12.557,12.557,0,
28/12/2017,12.06,12.06,12.06,12.06,300,
29/12/2017,12.06,12.06,12.06,12.06,0,
02/01/2018,12.06,12.06,12.06,12.06,0,
03/01/2018,12.06,12.06,12.06,12.06,0,
04/01/2018,12.06,12.06,12.06,12.06,0,
05/01/2018,11.705,11.705,11.705,11.705,500,
08/01/2018,11.705,11.705,11.705,11.705,0,
09/01/2018,12.06,12.06,12.06,12.06,500,
10/01/2018,12.06,12.06,12.06,12.06,0,
11/01/2018,12.06,12.06,12.06,12.06,0,
12/01/2018,12.06,12.06,12.06,12.06,0,
15/01/2018,12.06,12.06,12.06,12.06,600,
16/01/2018,12.06,12.06,12.06,12.06,100,
17/01/2018,12.06,12.06,12.06,12.06,0,
18/01/2018,12.06,12.06,12.06,12.06,0,
19/01/2018,12.06,12.06,12.06,12.06,1500,
22/01/2018,12.06,12.06,12.06,12.06,0,
23/01/2018,12.06,12.06,12.06,12.06,0,
24/01/2018,12.06,12.06,12.06,12.06,1500,
25/01/2018,12.06,12.06,12.06,12.06,0,
26/01/2018,12.06,12.06,12.06,12.06,1500,
29/01/2018,12.06,12.06,12.06,12.06,0,
30/01/2018,12.06,12.06,12.06,12.06,0,
31/01/2018,12.06,12.06,12.06,12.06,0,
01/02/2018,12.06,12.06,12.06,12.06,0,
02/02/2018,12.06,12.06,12.06,12.06,0,
05/02/2018,12.06,12.06,12.06,12.06,0,
06/02/2018,12.06,12.06,12.06,12.06,0,
07/02/2018,12.06,12.06,12.06,12.06,0,
08/02/2018,12.06,12.06,12.06,12.06,0,
09/02/2018,12.06,12.06,12.06,12.06,0,
12/02/2018,12.06,12.06,12.06,12.06,0,
13/02/2018,12.06,12.06,12.06,12.06,0,
21/02/2018,12.06,12.06,12.06,12.06,0,
22/02/2018,12.06,12.06,12.06,12.06,0,
23/02/2018,12.06,12.06,12.06,12.06,0,
26/02/2018,12.06,12.06,12.06,12.06,0,
27/02/2018,12.202,12.202,12.202,12.202,100,
28/02/2018,12.202,12.202,12.202,12.202,0,
01/03/2018,12.202,12.202,12.202,12.202,0,
02/03/2018,12.202,12.202,12.202,12.202,0,
05/03/2018,12.202,12.202,12.202,12.202,0,
06/03/2018,12.202,12.202,12.202,12.202,0,
07/03/2018,12.202,12.202,12.202,12.202,0,
08/03/2018,12.202,12.202,12.202,12.202,0,
09/03/2018,12.415,12.415,12.415,12.415,200,
12/03/2018,12.415,12.415,12.415,12.415,0,
13/03/2018,12.415,12.415,12.415,12.415,0,
14/03/2018,12.415,12.415,12.415,12.415,0,
15/03/2018,12.415,12.415,12.415,12.415,0,
16/03/2018,12.415,12.415,12.415,12.415,0,
19/03/2018,12.415,12.415,12.415,12.415,0,
20/03/2018,12.628,12.628,12.628,12.628,300,
21/03/2018,12.628,12.628,12.628,12.628,0,
22/03/2018,12.628,12.628,12.628,12.628,0,
23/03/2018,12.628,12.628,12.628,12.628,0,
26/03/2018,12.628,12.628,12.628,12.628,0,
27/03/2018,12.628,12.628,12.628,12.628,0,
28/03/2018,12.628,12.628,12.628,12.628,0,
29/03/2018,12.628,12.628,12.628,12.628,0,
30/03/2018,12.628,12.628,12.628,12.628,0,
02/04/2018,12.628,12.628,12.628,12.628,0,
03/04/2018,12.628,12.628,12.628,12.628,0,
04/04/2018,12.628,12.628,12.628,12.628,0,
05/04/2018,12.628,12.628,12.628,12.628,0,
06/04/2018,12.628,12.628,12.628,12.628,0,
09/04/2018,12.628,12.628,12.628,12.628,0,
10/04/2018,12.628,12.628,12.628,12.628,0,
11/04/2018,12.628,12.628,12.628,12.628,0,
12/04/2018,12.628,12.628,12.628,12.628,0,
13/04/2018,12.628,12.628,12.628,12.628,0,
16/04/2018,12.628,12.628,12.628,12.628,0,
17/04/2018,12.628,12.628,12.628,12.628,0,
18/04/2018,12.628,12.628,12.628,12.628,0,
19/04/2018,12.628,12.628,12.628,12.628,0,
20/04/2018,12.628,12.628,12.628,12.628,0,
23/04/2018,12.628,12.628,12.628,12.628,0,
24/04/2018,12.628,12.628,12.628,12.628,0,
26/04/2018,12.628,12.628,12.628,12.628,0,
27/04/2018,12.628,12.628,12.628,12.628,0,
02/05/2018,12.628,12.628,12.628,12.628,0,
03/05/2018,12.628,12.628,12.628,12.628,0,
04/05/2018,12.628,12.628,12.628,12.628,0,
07/05/2018,12.628,12.628,12.628,12.628,0,
08/05/2018,12.628,12.628,12.628,12.628,0,
09/05/2018,12.628,12.628,12.628,12.628,0,
10/05/2018,12.628,12.628,12.628,12.628,0,
11/05/2018,12.628,12.628,12.628,12.628,0,
14/05/2018,12.628,12.628,12.628,12.628,0,
15/05/2018,12.628,12.628,12.628,12.628,0,
16/05/2018,12.628,12.628,12.628,12.628,0,
17/05/2018,12.628,12.628,12.628,12.628,0,
18/05/2018,12.628,12.628,12.628,12.628,0,
21/05/2018,12.628,12.628,12.628,12.628,0,
22/05/2018,12.628,12.628,12.628,12.628,0,
23/05/2018,12.628,12.628,12.628,12.628,0,
24/05/2018,12.628,12.628,12.628,12.628,0,
25/05/2018,12.628,12.628,12.628,12.628,0,
28/05/2018,12.06,12.06,12.06,12.06,1000,
29/05/2018,12.06,12.06,12.06,12.06,0,
30/05/2018,12.06,12.06,12.06,12.06,0,
31/05/2018,12.06,12.06,12.06,12.06,0,
01/06/2018,12.06,12.06,12.06,12.06,0,
04/06/2018,12.06,12.06,12.06,12.06,4000,
05/06/2018,12.06,12.06,12.06,12.06,0,
06/06/2018,12.06,12.06,12.06,12.06,0,
07/06/2018,12.06,12.06,12.06,12.06,0,
08/06/2018,12.06,12.06,12.06,12.06,0,
11/06/2018,12.06,12.06,12.06,12.06,0,
12/06/2018,12.06,12.06,12.06,12.06,0,
13/06/2018,12.06,12.06,12.06,12.06,0,
14/06/2018,12.06,12.06,12.06,12.06,0,
15/06/2018,12.06,12.06,12.06,12.06,0,DIVIDEND
18/06/2018,13.816,13.816,13.663,13.663,1000,
19/06/2018,13.739,13.739,13.739,13.739,0,
20/06/2018,13.739,13.739,13.739,13.739,0,
21/06/2018,13.739,13.739,13.739,13.739,0,
22/06/2018,13.892,13.892,13.892,13.892,100,
25/06/2018,13.739,13.739,13.739,13.739,100,
26/06/2018,13.739,13.739,13.739,13.739,0,
27/06/2018,13.739,13.739,13.739,13.739,0,
28/06/2018,13.739,13.739,13.739,13.739,0,
29/06/2018,11.678,11.678,11.678,11.678,100,
02/07/2018,11.678,11.678,11.678,11.678,0,
03/07/2018,9.999,9.999,9.999,9.999,100,
04/07/2018,9.236,9.236,9.236,9.236,100,
05/07/2018,9.236,9.236,9.236,9.236,0,
06/07/2018,9.236,9.236,9.236,9.236,0,
09/07/2018,8.32,8.32,8.32,8.32,100,
10/07/2018,8.32,8.32,8.32,8.32,0,
11/07/2018,9.542,9.542,9.542,9.542,100,
12/07/2018,9.542,9.542,9.542,9.542,0,
13/07/2018,9.542,9.542,9.542,9.542,0,
16/07/2018,9.542,9.542,9.542,9.542,0,
17/07/2018,9.542,9.542,9.542,9.542,0,
18/07/2018,9.542,9.542,9.542,9.542,0,
19/07/2018,10.915,10.915,10.915,10.915,4500,
20/07/2018,10.915,10.915,10.915,10.915,0,
23/07/2018,10.915,10.915,10.915,10.915,0,
24/07/2018,10.915,10.915,10.915,10.915,0,
25/07/2018,10.915,10.915,10.915,10.915,0,
26/07/2018,10.915,10.915,10.915,10.915,0,
27/07/2018,10.915,10.915,10.915,10.915,0,
30/07/2018,10.915,10.915,10.915,10.915,0,
31/07/2018,10.915,10.915,10.915,10.915,0,
01/08/2018,10.915,10.915,10.915,10.915,0,
02/08/2018,10.915,10.915,10.915,10.915,0,
03/08/2018,10.915,10.915,10.915,10.915,0,
06/08/2018,10.915,10.915,10.915,10.915,0,
07/08/2018,10.915,10.915,10.915,10.915,0,
08/08/2018,10.915,10.915,10.915,10.915,0,
09/08/2018,10.915,10.915,10.915,10.915,0,
10/08/2018,10.915,10.915,10.915,10.915,0,
13/08/2018,10.915,10.915,10.915,10.915,0,
14/08/2018,10.915,10.915,10.915,10.915,0,
15/08/2018,10.915,10.915,10.915,10.915,0,
16/08/2018,10.915,10.915,10.915,10.915,0,
17/08/2018,10.915,10.915,10.915,10.915,0,
20/08/2018,10.915,10.915,10.915,10.915,0,
21/08/2018,10.915,10.915,10.915,10.915,0,
22/08/2018,10.915,10.915,10.915,10.915,0,
23/08/2018,10.915,10.915,10.915,10.915,0,
24/08/2018,10.915,10.915,10.915,10.915,0,
27/08/2018,10.915,10.915,10.915,10.915,0,
28/08/2018,14.884,15.266,14.884,15.266,900,
29/08/2018,15.113,15.113,15.113,15.113,0,
30/08/2018,15.113,15.113,15.113,15.113,100,
31/08/2018,15.113,15.113,15.113,15.113,0,
04/09/2018,15.113,15.113,15.113,15.113,0,
05/09/2018,12.9,12.9,12.9,12.9,100,
06/09/2018,12.9,12.9,12.9,12.9,0,
07/09/2018,12.9,12.9,12.9,12.9,0,
10/09/2018,10.992,10.992,10.992,10.992,100,
11/09/2018,10.992,10.992,10.992,10.992,0,
12/09/2018,10.076,10.076,10.076,10.076,100,
13/09/2018,10.076,10.076,10.076,10.076,0,
14/09/2018,10.076,10.076,10.076,10.076,0,
17/09/2018,10.076,10.076,10.076,10.076,0,
18/09/2018,10.076,10.076,10.076,10.076,0,
19/09/2018,10.076,10.076,10.076,10.076,0,
20/09/2018,10.076,10.076,10.076,10.076,0,
21/09/2018,10.076,10.076,10.076,10.076,0,
24/09/2018,10.076,10.076,10.076,10.076,0,
25/09/2018,10.076,10.076,10.076,10.076,0,
26/09/2018,10.076,10.076,10.076,10.076,0,
27/09/2018,10.076,10.076,10.076,10.076,0,
28/09/2018,10.076,10.076,10.076,10.076,0,
01/10/2018,10.076,10.076,10.076,10.076,0,
02/10/2018,10.076,10.076,10.076,10.076,0,
03/10/2018,11.526,11.526,11.526,11.526,2000,
04/10/2018,11.526,11.526,11.526,11.526,0,
05/10/2018,11.526,11.526,11.526,11.526,0,
08/10/2018,9.847,9.847,9.847,9.847,100,
09/10/2018,9.847,9.847,9.847,9.847,0,
10/10/2018,9.847,9.847,9.847,9.847,0,
11/10/2018,9.847,9.847,9.847,9.847,0,
12/10/2018,8.397,8.397,8.397,8.397,100,
15/10/2018,8.397,8.397,8.397,8.397,0,
16/10/2018,8.397,8.397,8.397,8.397,0,
17/10/2018,8.397,8.397,8.397,8.397,0,
18/10/2018,8.397,8.397,8.397,8.397,0,
19/10/2018,8.397,8.397,8.397,8.397,0,
22/10/2018,8.397,8.397,8.397,8.397,0,
23/10/2018,8.397,8.397,8.397,8.397,0,
24/10/2018,8.397,8.397,8.397,8.397,0,
25/10/2018,8.397,8.397,8.397,8.397,0,
26/10/2018,9.617,9.617,9.617,9.617,100,
29/10/2018,8.472,8.472,8.472,8.472,150,
30/10/2018,8.549,8.549,8.549,8.549,150,
31/10/2018,8.549,8.549,8.549,8.549,50,
01/11/2018,7.557,7.557,7.557,7.557,150,
02/11/2018,7.557,7.557,7.557,7.557,150,
05/11/2018,7.557,7.557,7.557,7.557,0,
06/11/2018,7.557,7.557,7.557,7.557,0,
07/11/2018,7.557,7.557,7.557,7.557,50,
08/11/2018,7.557,7.557,7.557,7.557,0,
09/11/2018,8.625,8.625,8.625,8.625,100,
12/11/2018,7.633,7.633,7.633,7.633,100,
13/11/2018,7.633,7.633,7.633,7.633,0,
14/11/2018,7.633,7.633,7.633,7.633,0,
15/11/2018,7.633,7.633,7.633,7.633,0,
16/11/2018,8.778,8.778,8.778,8.778,100,
19/11/2018,10.076,10.076,10.076,10.076,100,
20/11/2018,10.076,10.076,10.076,10.076,10,
21/11/2018,10.076,10.076,10.076,10.076,0,
22/11/2018,10.076,10.076,10.076,10.076,0,
23/11/2018,10.076,10.076,10.076,10.076,0,
26/11/2018,10.076,10.076,10.076,10.076,0,
27/11/2018,10.076,10.076,10.076,10.076,0,
28/11/2018,10.076,10.076,10.076,10.076,0,
29/11/2018,10.076,10.076,10.076,10.076,0,
30/11/2018,10.076,10.076,10.076,10.076,0,
03/12/2018,10.076,10.076,10.076,10.076,0,
04/12/2018,10.076,10.076,10.076,10.076,0,
05/12/2018,10.076,10.076,10.076,10.076,0,
06/12/2018,10.076,10.076,10.076,10.076,0,
07/12/2018,10.076,10.076,10.076,10.076,0,
10/12/2018,10.076,10.076,10.076,10.076,0,
11/12/2018,10.076,10.076,10.076,10.076,0,
12/12/2018,10.076,10.076,10.076,10.076,0,
13/12/2018,10.076,10.076,10.076,10.076,0,
14/12/2018,10.076,10.076,10.076,10.076,0,
17/12/2018,10.076,10.076,10.076,10.076,0,
18/12/2018,10.076,10.076,10.076,10.076,0,
19/12/2018,10.076,10.076,10.076,10.076,0,
20/12/2018,10.076,10.076,10.076,10.076,0,
21/12/2018,10.076,10.076,10.076,10.076,0,
24/12/2018,10.076,10.076,10.076,10.076,0,
25/12/2018,10.076,10.076,10.076,10.076,0,
26/12/2018,10.076,10.076,10.076,10.076,0,
27/12/2018,10.076,10.076,10.076,10.076,0,
28/12/2018,10.076,10.076,10.076,10.076,0,
02/01/2019,10.076,10.076,10.076,10.076,0,
03/01/2019,10.076,10.076,10.076,10.076,0,
04/01/2019,10.076,10.076,10.076,10.076,0,
07/01/2019,10.076,10.076,10.076,10.076,0,
08/01/2019,10.076,10.076,10.076,10.076,0,
09/01/2019,10.076,10.076,10.076,10.076,0,
10/01/2019,10.076,10.076,10.076,10.076,0,
11/01/2019,10.076,10.076,10.076,10.076,0,
14/01/2019,10.076,10.076,10.076,10.076,0,
15/01/2019,10.076,10.076,10.076,10.076,0,
16/01/2019,10.076,10.076,10.076,10.076,0,
17/01/2019,10.076,10.076,10.076,10.076,0,
18/01/2019,10.076,10.076,10.076,10.076,0,
21/01/2019,10.076,10.076,10.076,10.076,0,
22/01/2019,10.076,10.076,10.076,10.076,0,
23/01/2019,10.076,10.076,10.076,10.076,0,
24/01/2019,10.076,10.076,10.076,10.076,0,
25/01/2019,10.076,10.076,10.076,10.076,0,
28/01/2019,10.076,10.076,10.076,10.076,0,
29/01/2019,10.076,10.076,10.076,10.076,0,
30/01/2019,10.076,10.076,10.076,10.076,0,
31/01/2019,10.076,10.076,10.076,10.076,0,
01/02/2019,10.076,10.076,10.076,10.076,0,
11/02/2019,10.076,10.076,10.076,10.076,0,
12/02/2019,10.076,10.076,10.076,10.076,0,
13/02/2019,10.076,10.076,10.076,10.076,0,
14/02/2019,10.076,10.076,10.076,10.076,0,
15/02/2019,10.076,10.076,10.076,10.076,0,
18/02/2019,10.076,10.076,10.076,10.076,0,
19/02/2019,10.076,10.076,10.076,10.076,0,
20/02/2019,10.076,10.076,10.076,10.076,0,
21/02/2019,10.076,10.076,10.076,10.076,0,
22/02/2019,10.076,10.076,10.076,10.076,0,
25/02/2019,10.076,10.076,10.076,10.076,0,
26/02/2019,10.076,10.076,10.076,10.076,0,
27/02/2019,10.076,10.076,10.076,10.076,0,
28/02/2019,10.076,10.076,10.076,10.076,0,
01/03/2019,14.045,14.045,14.045,14.045,100,
04/03/2019,14.045,14.045,14.045,14.045,0,
05/03/2019,14.045,14.045,14.045,14.045,0,
06/03/2019,14.045,14.045,14.045,14.045,0,
07/03/2019,15.953,15.953,15.953,15.953,100,
08/03/2019,15.953,15.953,15.953,15.953,0,
11/03/2019,15.953,15.953,15.953,15.953,0,
12/03/2019,15.953,15.953,15.953,15.953,0,
13/03/2019,15.953,15.953,15.953,15.953,0,
14/03/2019,15.953,15.953,15.953,15.953,0,
15/03/2019,15.953,15.953,15.953,15.953,0,
18/03/2019,15.953,15.953,15.953,15.953,20000,
19/03/2019,15.953,15.953,15.953,15.953,0,
20/03/2019,15.953,15.953,15.953,15.953,0,
21/03/2019,15.953,15.953,15.953,15.953,0,
22/03/2019,15.953,15.953,15.953,15.953,0,
25/03/2019,15.953,15.953,15.953,15.953,0,
26/03/2019,15.953,15.953,15.953,15.953,0,
27/03/2019,15.953,15.953,15.953,15.953,0,
28/03/2019,15.953,15.953,15.953,15.953,0,
29/03/2019,15.953,15.953,15.953,15.953,0,
01/04/2019,15.953,15.953,15.953,15.953,0,
02/04/2019,15.953,15.953,15.953,15.953,0,
03/04/2019,15.953,15.953,15.953,15.953,0,
04/04/2019,15.953,15.953,15.953,15.953,0,
05/04/2019,15.953,15.953,15.953,15.953,0,
08/04/2019,15.953,15.953,15.953,15.953,0,
09/04/2019,15.953,15.953,15.953,15.953,0,
10/04/2019,15.953,15.953,15.953,15.953,0,
11/04/2019,15.953,15.953,15.953,15.953,0,
12/04/2019,15.953,15.953,15.953,15.953,0,
16/04/2019,15.953,15.953,15.953,15.953,0,
17/04/2019,15.953,15.953,15.953,15.953,0,
18/04/2019,15.953,15.953,15.953,15.953,0,
19/04/2019,15.953,15.953,15.953,15.953,0,
22/04/2019,15.953,15.953,15.953,15.953,0,
23/04/2019,15.953,15.953,15.953,15.953,0,
24/04/2019,15.953,15.953,15.953,15.953,0,
25/04/2019,15.953,15.953,15.953,15.953,0,
26/04/2019,16.029,16.029,16.029,16.029,100,
02/05/2019,16.029,16.029,16.029,16.029,0,
03/05/2019,16.029,16.029,16.029,16.029,0,
06/05/2019,16.029,16.029,16.029,16.029,0,
07/05/2019,16.029,16.029,16.029,16.029,0,
08/05/2019,16.029,16.029,16.029,16.029,0,
09/05/2019,16.029,16.029,16.029,16.029,0,
10/05/2019,16.029,16.029,16.029,16.029,0,
13/05/2019,16.411,16.411,16.411,16.411,100,
14/05/2019,16.411,16.411,16.411,16.411,0,
15/05/2019,16.411,16.411,16.411,16.411,0,
16/05/2019,16.411,16.411,16.411,16.411,0,
17/05/2019,16.411,16.411,16.411,16.411,0,
20/05/2019,16.411,16.411,16.411,16.411,0,
21/05/2019,16.792,16.792,16.792,16.792,100,
22/05/2019,14.274,14.274,14.274,14.274,100,
23/05/2019,14.274,14.274,14.274,14.274,0,
24/05/2019,14.274,14.274,14.274,14.274,0,
27/05/2019,14.274,14.274,14.274,14.274,0,
28/05/2019,14.274,14.274,14.274,14.274,0,
29/05/2019,14.274,14.274,14.274,14.274,0,
30/05/2019,14.274,14.274,14.274,14.274,0,
31/05/2019,14.274,14.274,14.274,14.274,0,
03/06/2019,14.274,14.274,14.274,14.274,0,
04/06/2019,14.274,14.274,14.274,14.274,0,
05/06/2019,14.274,14.274,14.274,14.274,0,
06/06/2019,14.274,14.274,14.274,14.274,0,
07/06/2019,14.274,14.274,14.274,14.274,0,
10/06/2019,14.274,14.274,14.274,14.274,0,
11/06/2019,14.274,14.274,14.274,14.274,0,
12/06/2019,14.274,14.274,14.274,14.274,0,
13/06/2019,14.274,14.274,14.274,14.274,0,
14/06/2019,14.274,14.274,14.274,14.274,0,
17/06/2019,14.274,14.274,14.274,14.274,0,
18/06/2019,14.274,14.274,14.274,14.274,0,
19/06/2019,14.274,14.274,14.274,14.274,0,
20/06/2019,14.274,14.274,14.274,14.274,0,
21/06/2019,14.274,14.274,14.274,14.274,0,
24/06/2019,14.274,14.274,14.274,14.274,0,
25/06/2019,14.274,14.274,14.274,14.274,0,
26/06/2019,14.274,14.274,14.274,14.274,0,
27/06/2019,14.274,14.274,14.274,14.274,0,
28/06/2019,14.274,14.274,14.274,14.274,0,
01/07/2019,17.48,17.48,17.48,17.48,100,
02/07/2019,17.48,17.48,17.48,17.48,0,
03/07/2019,18.319,18.319,18.319,18.319,100,
04/07/2019,18.319,18.319,18.319,18.319,0,
05/07/2019,18.319,18.319,18.319,18.319,0,
08/07/2019,18.319,18.319,18.319,18.319,0,
09/07/2019,18.167,18.167,18.167,18.167,100,
10/07/2019,18.167,18.167,18.167,18.167,0,
11/07/2019,18.167,18.167,18.167,18.167,0,
12/07/2019,18.167,18.167,18.167,18.167,0,
15/07/2019,18.167,18.167,18.167,18.167,0,
16/07/2019,18.167,18.167,18.167,18.167,0,
17/07/2019,18.167,18.167,18.167,18.167,0,
18/07/2019,18.167,18.167,18.167,18.167,0,DIVIDEND
19/07/2019,18.167,18.167,18.167,18.167,0,
22/07/2019,18.167,18.167,18.167,18.167,0,
23/07/2019,18.167,18.167,18.167,18.167,0,
24/07/2019,18.167,18.167,18.167,18.167,0,
25/07/2019,18.167,18.167,18.167,18.167,0,
26/07/2019,18.167,18.167,18.167,18.167,0,
29/07/2019,18.167,18.167,18.167,18.167,0,
30/07/2019,18.167,18.167,18.167,18.167,0,
31/07/2019,18.167,18.167,18.167,18.167,0,
01/08/2019,18.167,18.167,18.167,18.167,0,
02/08/2019,18.167,18.167,18.167,18.167,0,
05/08/2019,18.167,18.167,18.167,18.167,0,
06/08/2019,18.167,18.167,18.167,18.167,0,
07/08/2019,18.167,18.167,18.167,18.167,0,
08/08/2019,18.167,18.167,18.167,18.167,0,
09/08/2019,18.167,18.167,18.167,18.167,0,
12/08/2019,18.083,18.083,18.083,18.083,100,
13/08/2019,18.083,18.083,18.083,18.083,0,
14/08/2019,18.083,18.083,18.083,18.083,0,
15/08/2019,18.083,18.083,18.083,18.083,0,
16/08/2019,18.083,18.083,18.083,18.083,0,
19/08/2019,18.083,18.083,18.083,18.083,0,
20/08/2019,18.083,18.083,18.083,18.083,0,
21/08/2019,18.083,18.083,18.083,18.083,0,
22/08/2019,18.083,18.083,18.083,18.083,0,
23/08/2019,18.083,18.083,18.083,18.083,0,
26/08/2019,18.083,18.083,18.083,18.083,0,
27/08/2019,18.083,18.083,18.083,18.083,0,
28/08/2019,18.083,18.083,18.083,18.083,0,
29/08/2019,18.083,18.083,18.083,18.083,0,
30/08/2019,18.083,18.083,18.083,18.083,0,
03/09/2019,18.083,18.083,18.083,18.083,0,
04/09/2019,18.083,18.083,18.083,18.083,0,
05/09/2019,18.083,18.083,18.083,18.083,0,
06/09/2019,18.083,18.083,18.083,18.083,0,
09/09/2019,18.083,18.083,18.083,18.083,0,
10/09/2019,18.083,18.083,18.083,18.083,0,
11/09/2019,18.083,18.083,18.083,18.083,0,
12/09/2019,18.083,18.083,18.083,18.083,0,
13/09/2019,18.083,18.083,18.083,18.083,0,
16/09/2019,18.083,18.083,18.083,18.083,0,
17/09/2019,18.083,18.083,18.083,18.083,0,
18/09/2019,18.083,18.083,18.083,18.083,0,
19/09/2019,18.083,18.083,18.083,18.083,0,
20/09/2019,18.083,18.083,18.083,18.083,0,
23/09/2019,18.083,18.083,18.083,18.083,0,
24/09/2019,18.083,18.083,18.083,18.083,0,
25/09/2019,18.083,18.083,18.083,18.083,0,
26/09/2019,18.083,18.083,18.083,18.083,0,
27/09/2019,18.083,18.083,18.083,18.083,0,
30/09/2019,18.083,18.083,18.083,18.083,0,
01/10/2019,18.083,18.083,18.083,18.083,0,
02/10/2019,18.083,18.083,18.083,18.083,0,
03/10/2019,18.083,18.083,18.083,18.083,0,
04/10/2019,18.083,18.083,18.083,18.083,0,
07/10/2019,18.083,18.083,18.083,18.083,0,
08/10/2019,18.083,18.083,18.083,18.083,0,
09/10/2019,18.083,18.083,18.083,18.083,0,
10/10/2019,18.083,18.083,18.083,18.083,0,
11/10/2019,18.083,18.083,18.083,18.083,0,
14/10/2019,18.083,18.083,18.083,18.083,0,
15/10/2019,18.083,18.083,18.083,18.083,0,
16/10/2019,18.083,18.083,18.083,18.083,0,
17/10/2019,18.083,18.083,18.083,18.083,0,
18/10/2019,18.083,18.083,18.083,18.083,0,
21/10/2019,18.083,18.083,18.083,18.083,0,
22/10/2019,18.083,18.083,18.083,18.083,0,
23/10/2019,18.083,18.083,18.083,18.083,0,
24/10/2019,18.083,18.083,18.083,18.083,0,
25/10/2019,18.083,18.083,18.083,18.083,0,
28/10/2019,18.083,18.083,18.083,18.083,0,
29/10/2019,18.083,18.083,18.083,18.083,0,
30/10/2019,18.083,18.083,18.083,18.083,0,
31/10/2019,18.083,18.083,18.083,18.083,0,
01/11/2019,18.083,18.083,18.083,18.083,0,
04/11/2019,18.083,18.083,18.083,18.083,0,
05/11/2019,18.083,18.083,18.083,18.083,0,
06/11/2019,18.083,18.083,18.083,18.083,0,
07/11/2019,18.083,18.083,18.083,18.083,0,
08/11/2019,18.083,18.083,18.083,18.083,0,
11/11/2019,18.083,18.083,18.083,18.083,0,
12/11/2019,18.083,18.083,18.083,18.083,0,
13/11/2019,18.083,18.083,18.083,18.083,0,
14/11/2019,18.083,18.083,18.083,18.083,0,
15/11/2019,18.083,18.083,18.083,18.083,0,
18/11/2019,18.083,18.083,18.083,18.083,0,
19/11/2019,18.083,18.083,18.083,18.083,0,
20/11/2019,18.083,18.083,18.083,18.083,0,
21/11/2019,18.083,18.083,18.083,18.083,0,
22/11/2019,18.083,18.083,18.083,18.083,0,
25/11/2019,18.083,18.083,18.083,18.083,0,
26/11/2019,18.083,18.083,18.083,18.083,0,
27/11/2019,18.083,18.083,18.083,18.083,0,
28/11/2019,18.083,18.083,18.083,18.083,0,
29/11/2019,18.083,18.083,18.083,18.083,0,
02/12/2019,18.083,18.083,18.083,18.083,0,
03/12/2019,18.083,18.083,18.083,18.083,0,
04/12/2019,18.083,18.083,18.083,18.083,0,
05/12/2019,18.083,18.083,18.083,18.083,0,
06/12/2019,18.083,18.083,18.083,18.083,0,
09/12/2019,18.083,18.083,18.083,18.083,0,
10/12/2019,18.083,18.083,18.083,18.083,0,
11/12/2019,18.083,18.083,18.083,18.083,0,
12/12/2019,18.083,18.083,18.083,18.083,0,
13/12/2019,18.083,18.083,18.083,18.083,0,
16/12/2019,18.083,18.083,18.083,18.083,0,
17/12/2019,18.083,18.083,18.083,18.083,0,
18/12/2019,18.083,18.083,18.083,18.083,0,
19/12/2019,18.083,18.083,18.083,18.083,0,
20/12/2019,18.083,18.083,18.083,18.083,0,
23/12/2019,18.083,18.083,18.083,18.083,0,
24/12/2019,18.083,18.083,18.083,18.083,0,
25/12/2019,18.083,18.083,18.083,18.083,0,
26/12/2019,18.083,18.083,18.083,18.083,0,
27/12/2019,18.083,18.083,18.083,18.083,0,
30/12/2019,18.083,18.083,18.083,18.083,0,
31/12/2019,18.083,18.083,18.083,18.083,0,
02/01/2020,18.083,18.083,18.083,18.083,0,
03/01/2020,18.083,18.083,18.083,18.083,0,
06/01/2020,18.083,18.083,18.083,18.083,0,
07/01/2020,18.083,18.083,18.083,18.083,100,
08/01/2020,18.083,18.083,18.083,18.083,0,
09/01/2020,18.083,18.083,18.083,18.083,0,
10/01/2020,18.083,18.083,18.083,18.083,0,
13/01/2020,18.083,18.083,18.083,18.083,0,
14/01/2020,18.083,18.083,18.083,18.083,0,
15/01/2020,18.083,18.083,18.083,18.083,0,
16/01/2020,15.417,15.417,15.417,15.417,100,
17/01/2020,15.417,15.417,15.417,15.417,100,
20/01/2020,15.417,15.417,15.417,15.417,0,
21/01/2020,15.417,15.417,15.417,15.417,0,
22/01/2020,15.417,15.417,15.417,15.417,0,
30/01/2020,15.417,15.417,15.417,15.417,0,
31/01/2020,17.667,17.667,17.667,17.667,200,
03/02/2020,17.667,17.667,17.667,17.667,0,
04/02/2020,17.667,17.667,17.667,17.667,0,
05/02/2020,17.667,17.667,17.667,17.667,0,
06/02/2020,17.667,17.667,17.667,17.667,0,
07/02/2020,17.667,17.667,17.667,17.667,0,
10/02/2020,17.667,17.667,17.667,17.667,0,
11/02/2020,17.667,17.667,17.667,17.667,200,
12/02/2020,17.667,17.667,17.667,17.667,0,
13/02/2020,17.667,17.667,17.667,17.667,0,
14/02/2020,15.083,15.083,15.083,15.083,100,
17/02/2020,13.333,13.333,13.333,13.333,100,
18/02/2020,13.333,13.333,13.333,13.333,0,
19/02/2020,13.333,13.333,13.333,13.333,0,
20/02/2020,13.333,13.333,13.333,13.333,0,
21/02/2020,13.333,13.333,13.333,13.333,0,
24/02/2020,13.333,13.333,13.333,13.333,0,
25/02/2020,13.333,13.333,13.333,13.333,0,
26/02/2020,13.333,13.333,13.333,13.333,0,
27/02/2020,13.333,13.333,13.333,13.333,0,
28/02/2020,13.333,13.333,13.333,13.333,0,
02/03/2020,13.333,13.333,13.333,13.333,0,
03/03/2020,13.333,13.333,13.333,13.333,0,
04/03/2020,13.333,13.333,13.333,13.333,0,
05/03/2020,13.333,13.333,13.333,13.333,0,
06/03/2020,13.333,13.333,13.333,13.333,0,
09/03/2020,13.333,13.333,13.333,13.333,0,
10/03/2020,13.333,13.333,13.333,13.333,0,
11/03/2020,13.333,13.333,13.333,13.333,0,
12/03/2020,13.333,13.333,13.333,13.333,0,
13/03/2020,13.333,13.333,13.333,13.333,0,
16/03/2020,13.333,13.333,13.333,13.333,0,
17/03/2020,13.333,13.333,13.333,13.333,0,
18/03/2020,13.333,13.333,13.333,13.333,0,
19/03/2020,13.333,13.333,13.333,13.333,0,
20/03/2020,13.333,13.333,13.333,13.333,0,
23/03/2020,13.333,13.333,13.333,13.333,0,
24/03/2020,13.333,13.333,13.333,13.333,0,
25/03/2020,13.333,13.333,13.333,13.333,0,
26/03/2020,13.333,13.333,13.333,13.333,0,
27/03/2020,13.333,13.333,13.333,13.333,0,
30/03/2020,13.333,13.333,13.333,13.333,0,
31/03/2020,13.333,13.333,13.333,13.333,0,
01/04/2020,13.333,13.333,13.333,13.333,0,
03/04/2020,13.333,13.333,13.333,13.333,0,
06/04/2020,13.333,13.333,13.333,13.333,0,
07/04/2020,13.333,13.333,13.333,13.333,0,
08/04/2020,13.333,13.333,13.333,13.333,0,
09/04/2020,13.333,13.333,13.333,13.333,0,
10/04/2020,13.333,13.333,13.333,13.333,0,
13/04/2020,13.333,13.333,13.333,13.333,0,
14/04/2020,13.333,13.333,13.333,13.333,0,
15/04/2020,13.333,13.333,13.333,13.333,0,
16/04/2020,13.333,13.333,13.333,13.333,0,
17/04/2020,18.417,18.417,18.333,18.333,200,
20/04/2020,18.417,18.417,18.417,18.417,0,
21/04/2020,18.417,18.417,18.417,18.417,0,
22/04/2020,18.417,18.417,18.417,18.417,0,
23/04/2020,18.417,18.417,18.417,18.417,0,
24/04/2020,18.417,18.417,18.417,18.417,0,
27/04/2020,18.417,18.417,18.417,18.417,0,
28/04/2020,18.417,18.417,18.417,18.417,0,
29/04/2020,18.417,18.417,18.417,18.417,0,
04/05/2020,18.417,18.417,18.417,18.417,0,
05/05/2020,18.417,18.417,18.417,18.417,0,
06/05/2020,18.417,18.417,18.417,18.417,0,
07/05/2020,18.417,18.417,18.417,18.417,0,
08/05/2020,18.417,18.417,18.417,18.417,0,
11/05/2020,18.417,18.417,18.417,18.417,0,
12/05/2020,18.417,18.417,18.417,18.417,0,
13/05/2020,18.417,18.417,18.417,18.417,0,
14/05/2020,18.417,18.417,18.417,18.417,0,
15/05/2020,18.417,18.417,18.417,18.417,0,
18/05/2020,18.417,18.417,18.417,18.417,0,
19/05/2020,18.417,18.417,18.417,18.417,0,
20/05/2020,18.417,18.417,18.417,18.417,0,
21/05/2020,18.417,18.417,18.417,18.417,0,
22/05/2020,18.417,18.417,18.417,18.417,0,
25/05/2020,18.417,18.417,18.417,18.417,0,
26/05/2020,18.417,18.417,18.417,18.417,0,
27/05/2020,18.417,18.417,18.417,18.417,0,
28/05/2020,18.417,18.417,18.417,18.417,0,
29/05/2020,12.5,12.5,12.5,12.5,100,
01/06/2020,12.5,12.5,12.5,12.5,0,
02/06/2020,12.5,12.5,12.5,12.5,0,
03/06/2020,12.5,12.5,12.5,12.5,0,
04/06/2020,12.5,12.5,12.5,12.5,0,
05/06/2020,12.5,12.5,12.5,12.5,0,
08/06/2020,12.5,12.5,12.5,12.5,0,
09/06/2020,12.5,12.5,12.5,12.5,0,
10/06/2020,12.5,12.5,12.5,12.5,0,
11/06/2020,12.5,12.5,12.5,12.5,0,
12/06/2020,12.5,12.5,12.5,12.5,0,
15/06/2020,12.5,12.5,12.5,12.5,0,
16/06/2020,12.5,12.5,12.5,12.5,0,
17/06/2020,12.5,12.5,12.5,12.5,0,
18/06/2020,12.5,12.5,12.5,12.5,0,DIVIDEND
19/06/2020,12.5,12.5,12.5,12.5,0,
22/06/2020,12.5,12.5,12.5,12.5,0,
23/06/2020,12.5,12.5,12.5,12.5,0,
24/06/2020,12.5,12.5,12.5,12.5,0,
25/06/2020,12.5,12.5,12.5,12.5,0,
26/06/2020,12.5,12.5,12.5,12.5,0,
29/06/2020,12.5,12.5,12.5,12.5,0,
30/06/2020,12.5,12.5,12.5,12.5,0,
01/07/2020,12.5,12.5,12.5,12.5,0,
02/07/2020,12.5,12.5,12.5,12.5,0,
03/07/2020,12.5,12.5,12.5,12.5,0,
06/07/2020,12.5,12.5,12.5,12.5,0,
07/07/2020,12.5,12.5,12.5,12.5,100,
08/07/2020,12.5,12.5,12.5,12.5,0,
09/07/2020,12.5,12.5,12.5,12.5,0,
10/07/2020,12.5,12.5,12.5,12.5,0,
13/07/2020,12.5,12.5,12.5,12.5,0,
14/07/2020,12.5,12.5,12.5,12.5,0,
15/07/2020,12.5,12.5,12.5,12.5,0,
16/07/2020,12.5,12.5,12.5,12.5,0,
17/07/2020,12.5,12.5,12.5,12.5,0,
20/07/2020,12.5,12.5,12.5,12.5,0,
21/07/2020,12.5,12.5,12.5,12.5,0,
22/07/2020,12.5,12.5,12.5,12.5,0,
23/07/2020,12.5,12.5,12.5,12.5,0,
24/07/2020,12.5,12.5,12.5,12.5,0,
27/07/2020,12.5,12.5,12.5,12.5,0,
28/07/2020,12.5,12.5,12.5,12.5,0,
29/07/2020,12.5,12.5,12.5,12.5,0,
30/07/2020,12.5,12.5,12.5,12.5,0,
31/07/2020,12.5,12.5,12.5,12.5,0,
03/08/2020,12.5,12.5,12.5,12.5,0,
04/08/2020,12.5,12.5,12.5,12.5,0,
05/08/2020,14.3,14.3,14.3,14.3,200,
06/08/2020,14.3,14.3,14.3,14.3,0,
07/08/2020,14.3,14.3,14.3,14.3,0,
10/08/2020,14.3,14.3,14.3,14.3,0,
11/08/2020,14.3,14.3,14.3,14.3,0,
12/08/2020,14.3,14.3,14.3,14.3,0,
13/08/2020,14.3,14.3,14.3,14.3,0,
14/08/2020,14.3,14.3,14.3,14.3,0,
17/08/2020,14.3,14.3,14.3,14.3,0,
18/08/2020,14.3,14.3,14.3,14.3,0,
19/08/2020,14.3,14.3,14.3,14.3,0,
20/08/2020,14.3,14.3,14.3,14.3,0,
21/08/2020,14.3,14.3,14.3,14.3,0,
24/08/2020,14.3,14.3,14.3,14.3,0,
25/08/2020,14.3,14.3,14.3,14.3,0,
26/08/2020,14.3,14.3,14.3,14.3,0,
27/08/2020,14.3,14.3,14.3,14.3,0,
28/08/2020,14.3,14.3,14.3,14.3,0,
31/08/2020,14.3,14.3,14.3,14.3,0,
01/09/2020,14.3,14.3,14.3,14.3,0,
03/09/2020,14.3,14.3,14.3,14.3,0,
04/09/2020,14.3,14.3,14.3,14.3,0,
07/09/2020,14.3,14.3,14.3,14.3,0,
08/09/2020,14.3,14.3,14.3,14.3,0,
09/09/2020,14.3,14.3,14.3,14.3,0,
10/09/2020,14.3,14.3,14.3,14.3,0,
11/09/2020,14.3,14.3,14.3,14.3,0,
14/09/2020,14.3,14.3,14.3,14.3,0,
15/09/2020,14.3,14.3,14.3,14.3,0,
16/09/2020,14.3,14.3,14.3,14.3,0,
17/09/2020,16.4,16.4,16.4,16.4,1600,
18/09/2020,18.8,18.8,16.5,18.8,300,
21/09/2020,20.7,20.7,20.7,20.7,1100,
22/09/2020,19.1,19.1,19.1,19.1,1300,
23/09/2020,21.9,21.9,21.5,21.5,1200,
24/09/2020,20.6,21.7,20.6,21.7,6300,
25/09/2020,22.0,22.7,22.0,22.0,2500,
28/09/2020,22.1,22.1,22.1,22.1,0,
29/09/2020,22.0,22.0,22.0,22.0,1500,
30/09/2020,22.0,22.2,22.0,22.2,3500,
01/10/2020,22.0,22.2,22.0,22.0,2601,
02/10/2020,22.0,22.0,22.0,22.0,500,
05/10/2020,22.0,22.0,22.0,22.0,0,
06/10/2020,22.0,22.0,22.0,22.0,0,
07/10/2020,20.3,20.3,20.3,20.3,100,
08/10/2020,20.3,20.3,20.3,20.3,0,
09/10/2020,22.0,22.5,22.0,22.5,600,
12/10/2020,22.3,22.3,22.0,22.0,2800,
13/10/2020,22.3,22.3,22.3,22.3,2300,
14/10/2020,22.4,22.4,22.4,22.4,100,
15/10/2020,22.4,22.4,22.4,22.4,0,
16/10/2020,22.4,22.4,22.4,22.4,0,
19/10/2020,22.4,22.4,22.4,22.4,0,
20/10/2020,22.4,22.4,22.4,22.4,0,
21/10/2020,22.4,22.4,22.4,22.4,0,
22/10/2020,22.5,22.5,22.3,22.3,2000,
23/10/2020,22.6,22.6,22.5,22.5,1500,
26/10/2020,22.5,22.5,22.5,22.5,0,
